Fullname;current_rating;potential_rating;height;weight;preferred_foot;birth_date;preferred_positions;weak_foot;skill_moves;ball_control;dribbling;marking;tackling;aggression;composure;reaction;crossing;short_pass;long_pass;acceleration;stamina;strength;spring_speed;heading;shot_power;finishing;long_shots;FK_Acc.;reflexes;handling;gk_positioning;gk_diving;nationality
Adam Kokoszka;61;70;186;78;Right;06/10/1986;CB;3;0;66;38;60;59;64;53;43;41;71;57;54;63;66;56;59;57;71;58;54;23;23;23;8;Poland
Adrian Cristea;62;65;179;73;Right;30/11/1983;LM;3;0;64;65;46;49;46;54;59;57;66;59;59;69;64;50;72;62;66;68;91;25;25;25;7;Romania
Alberto Aquilani;76;89;184;78;Right;07/07/1984;CM;3;0;73;78;63;75;62;65;81;73;74;72;65;82;80;70;70;89;59;88;70;20;20;20;9;Italy
Aleksei Berezutski;71;75;190;82;Right;20/6/1982;LB;4;0;56;51;73;75;77;69;62;44;75;63;61;73;85;59;73;50;51;39;57;24;24;24;9;Russia
Alessandro Del Piero;86;90;173;73;Right;09/11/1974;CF;3;0;94;89;26;45;59;90;80;92;88;82;83;82;69;78;62;82;89;86;92;21;21;21;11;Italy
Alessandro Gamberini;72;76;185;78;Right;22/03/1981;CB;4;0;63;40;69;78;62;46;68;39;66;44;68;69;68;68;78;69;34;59;60;22;22;22;14;Italy
Alexander Frei;81;86;179;74;Right;15/07/1979;ST;4;0;76;76;21;21;66;83;86;64;69;31;78;71;70;76;84;81;91;70;85;21;21;21;4;Switzerland
Alexander Manninger;72;74;188;84;Right;04/06/1977;GK;3;0;33;22;22;22;49;49;51;22;22;74;39;48;53;52;22;22;22;22;9;80;75;71;71;Austria
Alexandros Tziolis;68;71;189;84;Right;13/2/1985;CM;3;0;70;67;72;73;67;65;69;72;67;70;71;69;77;67;72;60;69;63;67;23;23;23;9;Greece
Alexandros Tzorvas;68;72;188;77;Right;12/8/1982;GK;3;0;25;25;23;25;44;44;66;25;25;62;68;51;58;64;25;25;25;25;12;71;62;63;75;Greece
Alvaro Arbeloa;77;79;183;76;Right;17/1/1983;RB;3;0;73;58;80;80;74;81;76;77;74;63;70;79;76;74;63;53;34;48;48;24;24;24;13;Spain
Anders Svensson;72;74;177;82;Right;17/07/1976;CAM;3;0;78;76;46;43;54;76;53;68;80;76;65;65;61;59;54;62;62;77;75;20;20;20;12;Sweden
Andre Ooijer;77;78;184;80;Right;11/07/1974;CB;3;0;69;46;77;78;68;63;75;43;66;58;63;76;75;66;80;41;45;56;34;21;21;21;5;Netherlands
Andrea Barzagli;82;83;186;79;Right;08/05/1981;CB;3;0;74;68;88;78;81;79;80;71;71;69;74;84;83;75;84;76;67;38;58;22;22;22;15;Italy
Andrea Pirlo;88;91;177;68;Right;19/05/1979;CM;3;0;92;91;63;79;79;83;77;88;94;89;77;89;64;79;63;84;45;82;94;22;22;22;8;Italy
Andreas Granqvist;72;75;192;84;Left;16/04/1985;CB;3;0;66;46;71;75;53;62;65;48;66;57;67;74;71;73;72;48;41;69;39;20;20;20;1;Sweden
Andreas Isaksson;74;80;199;88;Right;03/10/1981;GK;3;0;20;20;20;20;71;73;71;20;27;70;54;54;65;53;20;22;20;20;19;76;75;73;77;Sweden
Andreas Ivanschitz;76;86;183;79;Left;15/10/1983;LM;3;0;66;75;36;56;79;77;71;71;88;78;77;78;67;82;54;79;68;62;60;25;25;25;15;Austria
Andres Iniesta;86;90;169;64;Right;11/5/1984;CM;4;0;91;88;64;77;66;81;88;81;94;90;83;82;65;82;64;72;72;78;76;21;21;21;8;Spain
Andres Palop;82;90;184;77;Right;22/10/1973;GK;3;0;21;22;22;22;60;73;82;22;22;79;60;48;71;35;33;22;24;22;12;86;82;81;85;Spain
Andrey Arshavin;83;90;172;69;Right;29/05/1981;CAM;4;0;87;88;32;42;62;66;69;79;88;74;82;72;69;80;47;78;79;72;54;24;24;24;11;Russia
Angelos Basinas;74;76;178;75;Right;03/01/1976;CDM;3;0;73;70;71;73;77;78;77;74;75;70;72;81;77;75;66;69;69;76;74;25;25;25;7;Greece
Angelos Charisteas;75;79;191;82;Right;09/02/1980;ST;3;0;74;69;61;62;67;81;71;63;65;61;74;81;80;70;81;79;72;71;63;21;21;21;6;Greece
Antonio Cassano;83;86;175;81;Right;12/07/1982;ST;4;0;82;80;22;21;62;76;79;56;74;33;82;76;70;74;63;87;85;81;57;22;22;22;8;Italy
Antonio Di Natale;81;83;170;65;Right;13/10/1977;ST;3;0;78;70;33;40;89;50;71;47;77;55;74;83;64;86;60;87;80;90;89;23;23;23;12;Italy
Antonios Nikopolidis;80;87;187;88;Right;14/10/1971;GK;3;0;22;22;22;22;77;81;71;22;22;81;67;90;84;67;22;22;22;22;12;78;79;81;81;Greece
Arda Turan;76;88;176;72;Right;30/01/1987;LM;0;0;76;72;31;42;64;86;73;78;82;74;74;73;70;74;23;43;73;32;32;23;23;23;8;Turkey
Arjen Robben;85;86;183;76;Left;23/01/1984;LWM;4;0;89;93;22;24;34;79;78;85;80;71;89;73;52;87;38;65;76;77;78;22;22;22;7;Netherlands
Arne Friedrich;83;85;185;78;Right;29/05/1979;CB;3;0;62;66;83;88;81;70;57;36;72;70;81;84;85;82;86;77;23;47;51;23;23;23;8;Germany
Artur Boruc;82;83;193;88;Right;20/02/1980;GK;3;0;20;20;20;20;38;75;59;20;20;72;36;50;68;48;20;21;20;20;11;85;84;78;87;Poland
Ayhan Akman;73;76;173;69;Left;23/02/1977;CM;0;0;74;74;61;62;81;76;76;69;78;71;70;73;72;72;63;69;64;74;53;22;22;22;9;Turkey
Bafetimbi Gomis;76;87;184;77;Right;06/08/1985;ST;3;0;68;74;31;24;54;60;76;58;62;48;87;75;73;86;67;78;78;71;59;20;20;20;9;France
Banel Nicolita;71;82;183;72;Right;07/01/1985;RM;3;0;67;73;57;57;58;58;69;68;67;64;78;78;79;83;62;73;74;67;59;21;21;21;8;Romania
Bastian Schweinsteiger;81;88;180;76;Right;01/08/1984;LM;0;0;78;85;31;24;69;71;80;81;82;79;68;78;68;75;53;82;76;88;78;23;23;23;11;Germany
Benjamin Huggel;68;78;190;89;Right;07/07/1977;RM;3;0;65;62;74;80;76;67;64;63;76;64;69;74;81;73;81;78;64;55;54;20;20;20;7;Switzerland
Bogdan Lobont;74;77;184;78;Left;18/01/1978;GK;3;0;21;22;31;27;62;68;58;21;35;58;60;75;75;62;35;35;40;22;11;78;74;73;70;Romania
Bruno Alves;75;80;187;83;Right;27/11/1981;CB;3;0;57;52;78;79;88;73;65;24;59;55;73;78;90;65;65;76;53;51;56;22;22;22;13;Portugal
Carles Puyol;88;90;178;80;Right;13/4/1978;CB;3;0;67;65;92;93;87;86;85;58;77;72;73;85;93;69;88;63;41;51;50;23;23;23;8;Spain
Carlos Marchena;82;85;183;78;Right;31/06/1979;CB;5;0;72;65;87;82;81;72;77;72;79;70;70;85;85;70;82;71;22;74;56;23;23;23;10;Spain
Cesc Fabregas;88;91;176;70;Right;4/5/1987;CM;3;0;94;82;62;77;69;94;87;87;96;95;77;94;66;75;65;83;77;88;80;21;21;21;8;Spain
Christian Fuchs;70;74;185;80;Left;07/04/1986;LM;3;0;68;66;66;50;71;53;63;72;76;67;68;65;77;70;72;64;64;60;55;23;23;23;9;Austria
Christian Panucci;76;78;180;73;Right;12/04/1973;RB;3;0;70;72;83;82;69;70;77;71;67;71;72;73;71;78;83;66;47;39;71;21;21;21;11;Italy
Christian Wilhelmsson;77;82;177;68;Right;08/12/1979;RWM;4;0;84;84;33;40;68;76;79;68;70;66;88;80;53;86;52;66;61;62;59;23;23;23;7;Sweden
Christoph Leitgeb;71;82;177;72;Right;14/04/1985;CAM;3;0;74;78;44;54;46;53;62;65;76;74;77;61;53;74;49;71;55;74;70;23;23;23;6;Austria
Christoph Metzelder;84;88;193;84;Right;05/11/1980;CB;4;0;71;41;86;86;78;87;83;47;72;69;67;81;83;68;85;50;25;28;37;22;22;22;10;Germany
Christoph Spycher;75;79;175;76;Left;30/03/1978;LWB;4;0;68;45;79;78;74;77;65;71;68;57;74;83;79;73;75;71;46;48;41;23;23;23;6;Switzerland
Christos Patsatzoglou;71;72;182;73;Right;19/3/1979;RB;3;0;71;59;72;72;76;76;69;70;67;72;75;79;74;81;50;76;38;70;50;25;25;25;5;Greece
Ciprian Marica;73;87;185;80;Right;2/10/1985;ST;3;0;73;73;27;24;73;70;53;65;65;48;86;62;66;89;73;66;79;77;38;24;24;24;8;Romania
Claude Makelele;74;89;170;70;Right;18/02/1973;CDM;3;0;80;56;81;82;82;82;74;43;85;67;65;62;80;66;51;42;21;21;34;21;21;21;8;France
Clemens Fritz;76;84;183;77;Right;07/12/1980;RWB;3;0;79;75;74;79;69;73;88;78;77;67;87;77;66;86;62;70;69;57;65;20;20;20;12;Germany
Colin Kazim-Richards;62;74;180;76;Right;26/8/1986;CF;2;0;53;69;31;31;52;61;65;41;48;49;78;58;67;77;57;62;62;69;33;22;22;22;8;Turkey
Cosmin Contra;74;79;180;74;Right;15/12/1975;RWB;3;0;70;78;75;80;75;65;65;69;72;63;77;76;73;83;54;59;50;67;45;21;21;21;12;Romania
Cosmin Moti;70;76;183;74;Right;3/12/1984;CB;3;0;45;43;75;77;68;36;65;47;43;41;58;63;77;63;69;32;27;27;45;24;24;24;8;Romania
Cristian Chivu;82;82;183;78;Left;26/10/1980;LB;4;0;81;54;85;85;80;80;84;77;66;73;81;85;82;83;80;79;22;78;66;22;22;22;7;Romania
Cristian Sapunaru;72;78;187;81;Left;5/4/1984;RB;4;0;71;66;71;70;68;62;69;72;68;61;69;76;79;72;77;63;60;42;40;20;20;20;11;Romania
Cristiano Ronaldo;91;94;185;83;Right;05/02/1985;RWM;4;0;95;97;27;27;61;79;86;88;81;73;95;91;84;94;84;90;85;75;88;21;21;21;9;Portugal
Daniel Andersson;70;76;178;79;Right;28/08/1977;CDM;3;0;74;56;76;76;72;57;61;62;68;61;51;81;59;70;68;51;60;54;62;20;20;20;7;Sweden
Daniel Guiza;83;87;180;80;Right;17/8/1980;ST;4;0;80;80;21;21;42;68;87;51;76;57;79;68;74;84;82;84;92;77;70;21;21;21;7;Spain
Daniel Gygax;73;82;179;73;Right;28/08/1981;RWM;3;0;64;81;23;24;78;66;75;73;73;42;90;66;61;84;58;84;66;84;54;23;23;23;9;Switzerland
Daniel Majstorovic;81;82;190;88;Right;05/04/1977;CB;3;0;71;50;81;75;79;79;78;55;69;58;62;77;91;58;90;49;48;77;58;25;25;25;12;Sweden
Daniel Niculae;68;71;185;76;Right;10/6/1982;ST;3;0;55;47;39;46;47;61;57;41;50;40;86;79;55;61;75;82;80;60;49;23;23;23;12;Romania
Daniel Zitka;73;75;190;85;Left;20/06/1975;GK;2;0;47;37;21;20;42;47;62;20;55;71;62;60;82;58;42;62;20;20;12;72;74;72;72;Czech Republic
Daniele De Rossi;82;89;184;78;Right;24/07/1983;CDM;4;0;78;82;77;81;94;83;83;81;84;80;81;81;82;77;86;86;79;84;81;21;21;21;8;Italy
Danijel Pranjic;71;78;172;67;Left;02/12/1981;LM;3;0;74;66;42;60;62;68;73;69;71;64;72;81;65;75;48;70;45;64;61;23;23;23;5;Croatia
Darijo Srna;80;83;182;78;Right;1/5/1982;RM;3;0;83;84;35;49;86;71;63;81;79;81;78;79;83;77;51;68;75;78;83;23;23;23;11;Croatia
Dario Knezevic;64;68;184;74;Right;20/04/1982;CB;3;0;68;58;71;61;65;54;54;57;63;43;46;54;72;77;58;55;67;43;57;20;20;20;11;Croatia
Dario Simic;69;73;180;75;Right;12/11/1975;RB;3;0;64;54;80;81;45;54;70;33;63;70;88;50;51;83;76;36;23;49;31;22;22;22;13;Croatia
Dariusz Dudka;66;72;182;71;Left;09/12/1983;LB;3;0;61;66;63;74;64;53;37;68;54;60;74;68;72;76;68;37;47;44;36;24;24;24;10;Poland
David Jarolim;76;81;172;68;Right;17/05/1979;CM;3;0;76;75;65;77;90;75;74;73;78;76;70;80;63;75;66;63;57;71;70;22;22;22;13;Czech Republic
David Odonkor;69;86;174;74;Right;21/02/1984;RWM;2;0;67;69;33;25;74;55;68;59;68;47;94;75;66;96;51;70;54;57;43;21;21;21;11;Germany
David Rozehnal;80;81;193;77;Right;01/07/1980;CB;3;0;65;40;84;78;75;60;70;41;64;52;67;78;84;64;84;47;21;33;51;22;22;22;6;Czech Republic
David Villa;88;93;175;69;Right;03/12/1981;ST;4;0;85;83;42;48;77;79;89;82;89;78;88;90;85;86;76;88;93;87;89;22;22;22;11;Spain
Deco;85;90;177;73;Right;27/09/1977;CAM;0;0;90;82;25;22;71;88;87;82;91;86;86;82;72;81;58;74;74;86;84;21;21;21;12;Portugal
Demy de Zeeuw;71;78;174;72;Right;26/05/1983;CDM;3;0;71;67;68;72;77;76;75;62;77;73;74;79;73;71;47;55;46;66;35;22;22;22;13;Netherlands
Denis Kolodin;75;83;187;84;Right;11/7/1982;CB;3;0;74;67;84;83;69;58;59;49;68;69;71;86;72;68;77;92;49;87;72;24;24;24;10;Russia
Diego Orlando Benaglio;71;74;195;88;Right;08/09/1983;GK;0;0;32;22;22;22;38;40;72;22;31;72;22;33;49;44;22;34;22;21;13;74;76;72;73;Switzerland
Dimitris Salpingidis;78;80;172;71;Right;18/8/1981;RF;3;0;79;75;24;33;68;77;74;74;74;61;80;69;80;88;67;79;85;78;69;25;25;25;12;Greece
Diniyar Bilyaletdinov;68;89;185;79;Right;27/02/1985;CAM;3;0;76;75;46;39;51;65;65;67;69;53;74;67;63;73;50;60;58;58;42;24;24;24;9;Russia
Dirk Kuyt;84;85;184;77;Right;22/07/1980;ST;4;0;81;75;34;32;82;86;83;71;78;68;82;90;89;78;88;85;87;80;64;20;20;20;11;Netherlands
Dorin Goian;73;78;194;83;Right;12/12/1980;CB;3;0;58;57;78;72;73;59;67;54;67;64;64;73;69;68;78;63;48;64;64;21;21;21;12;Romania
Eduard Stancioiu;60;64;183;75;Right;3/3/1981;GK;3;0;22;33;21;25;41;35;54;31;37;66;58;72;41;57;36;32;25;25;31;65;58;55;62;Romania
Edwin van der Sar;84;88;197;83;Right;29/10/1970;GK;3;0;22;20;20;33;77;73;76;20;27;85;52;73;76;51;20;29;20;20;11;81;87;90;83;Netherlands
Eldin Jakupovic;72;73;191;83;Right;1/10/1984;GK;2;0;20;20;20;20;64;66;67;20;20;67;46;45;62;47;20;20;20;20;9;75;73;65;75;Switzerland
Emanuel Pogatetz;69;78;187;82;Left;16/01/1983;LB;3;0;70;45;68;71;77;68;71;67;60;30;66;71;71;68;74;70;30;52;24;23;23;23;12;Austria
Emre Asik;70;71;183;76;Right;13/12/1973;CB;2;0;43;35;78;74;72;61;72;42;52;54;65;71;73;67;74;45;21;34;36;24;24;24;5;Turkey
Emre Belozoglu;77;77;170;68;Right;7/10/1980;CM;2;0;81;81;50;44;86;88;78;83;84;82;73;78;63;77;40;74;61;65;68;78;6;14;10;Turkey
Emre Gungor;66;71;183;79;Right;2/8/1984;CB;2;0;54;61;67;66;72;57;72;63;53;42;75;72;70;76;67;54;33;21;54;20;20;20;6;Turkey
Eren Derdiyok;60;65;190;83;Right;12/06/1988;ST;3;0;59;56;23;42;59;53;61;43;59;51;60;63;58;58;60;59;62;47;41;20;20;20;8;Switzerland
Eric Abidal;83;87;186;75;Left;11/07/1979;LB;3;0;83;58;85;84;89;90;81;86;84;74;87;80;83;85;82;69;31;42;45;23;23;23;8;France
Erwin Hoffer;60;84;180;75;Right;14/04/1987;ST;3;0;61;71;20;20;39;51;62;40;52;37;73;56;50;72;63;54;58;51;46;20;20;20;6;Austria
Euzebiusz Smolarek;76;83;178;68;Right;09/01/1981;RF;4;0;75;75;43;31;71;65;77;73;69;47;86;80;58;87;64;72;75;64;66;25;25;25;10;Poland
Fabio Grosso;80;85;190;82;Left;28/11/1977;LB;4;0;71;77;80;84;76;76;78;76;74;75;84;86;82;82;84;50;68;34;58;25;25;25;9;Italy
Fabio Quagliarella;78;83;182;73;Right;31/10/1983;CF;4;0;78;69;29;41;69;78;76;62;71;53;76;77;74;73;68;81;82;87;78;20;20;20;11;Italy
Fehmi Emre Gungor;66;71;183;79;Right;01/08/1984;CB;0;0;54;61;67;66;72;57;72;63;53;42;75;72;70;76;67;54;33;21;54;20;20;20;6;Turkey
Fernando Meira;85;87;190;85;Right;05/06/1978;CB;3;0;74;55;84;88;82;84;74;66;79;70;77;82;88;79;88;56;28;25;63;25;25;25;8;Portugal
Fernando Navarro;74;77;178;71;Left;25/06/1982;LB;3;0;72;61;76;76;69;73;70;68;73;74;70;74;71;67;73;66;39;21;71;21;21;21;6;Spain
Fernando Torres;86;90;183;70;Right;20/03/1984;ST;4;0;87;87;21;24;63;86;89;69;78;62;91;78;76;90;78;86;88;75;68;20;20;20;10;Spain
Florent Malouda;87;88;184;73;Left;13/06/1980;LWM;3;0;87;90;48;37;78;77;88;91;84;76;89;74;78;88;51;75;74;73;68;25;25;25;8;France
Florentin Petre;76;76;166;61;Right;15/01/1976;RM;3;0;76;67;44;42;83;79;64;74;78;74;87;85;64;84;72;62;68;71;63;24;24;24;11;Romania
Franck Ribery;87;91;170;62;Right;01/04/1983;RM;0;0;91;92;23;26;63;76;82;84;86;79;90;80;68;87;61;73;68;78;71;20;20;20;7;France
Francois Clerc;78;83;187;77;Right;18/04/1983;RB;4;0;77;46;79;79;82;75;77;81;76;72;78;81;77;79;75;54;37;59;51;21;21;21;5;France
Freddie Ljungberg;76;85;175;73;Right;16/4/1977;RM;4;0;81;80;47;43;58;81;68;75;76;64;78;69;71;75;60;69;76;72;32;22;22;22;11;Sweden
Fredrik Stoor;64;75;183;79;Right;28/02/1984;RB;4;0;65;57;67;60;62;64;64;69;64;44;70;76;67;73;52;63;37;48;31;20;20;20;6;Sweden
Gabriel Tamas;75;82;188;79;Right;9/11/1983;CB;3;0;62;51;73;79;71;59;73;55;59;60;64;66;81;64;75;88;50;57;82;22;22;22;9;Romania
Gelson;65;75;183;70;Right;02/09/1986;CDM;3;0;71;64;77;66;66;57;58;31;64;69;61;67;62;64;54;58;50;60;43;20;20;20;11;Switzerland
Gennaro Gattuso;81;87;176;77;Right;09/01/1978;CDM;3;0;67;70;87;92;96;81;81;62;82;72;81;95;91;82;76;71;51;42;45;21;21;21;11;Italy
Georgios Samaras;75;77;187;76;Right;21/02/1985;ST;3;0;74;76;49;52;67;62;69;60;56;61;70;77;76;68;76;79;72;71;58;22;22;22;10;Greece
Gianluca Zambrotta;84;88;181;76;Right;19/02/1977;RB;5;0;80;75;87;89;83;78;83;86;79;79;87;94;85;89;72;77;31;75;40;22;22;22;14;Italy
Gianluigi Buffon;91;93;191;82;Right;28/01/1978;GK;3;0;22;21;21;21;81;88;89;21;23;79;62;56;81;44;21;24;21;21;9;90;91;96;90;Italy
Giorgio Chiellini;74;82;186;76;Left;14/08/1984;LWB;3;0;67;68;74;75;71;69;70;74;73;68;81;81;77;87;85;73;22;67;67;23;23;23;15;Italy
Giorgos Karagounis;78;82;176;74;Right;6/3/1977;CAM;2;0;80;75;25;33;70;79;71;77;77;79;78;78;81;78;71;85;75;81;80;22;22;22;8;Greece
Giourkas Seitaridis;76;82;185;79;Right;04/06/1981;RB;3;0;75;77;76;82;72;75;71;78;80;71;86;78;76;75;64;73;43;43;57;23;23;23;10;Greece
Giovanni van Bronckhorst;79;86;178;75;Left;05/02/1975;CDM;3;0;78;72;84;84;71;76;76;82;84;77;79;80;73;76;68;57;73;58;54;22;22;22;9;Netherlands
Gokdeniz Karadeniz;79;83;167;64;Right;11/01/1980;RM;4;0;76;86;46;54;72;82;72;79;71;68;73;81;76;83;43;72;68;68;61;23;23;23;9;Turkey
Gokhan Inler;69;73;182;77;Right;27/06/1984;CM;3;0;73;69;56;61;63;61;58;54;75;68;73;56;68;75;57;66;40;64;59;20;20;20;9;Switzerland
Gokhan Zan;78;81;192;85;Right;07/09/1981;CB;3;0;63;39;81;79;73;79;63;44;64;57;71;73;79;70;82;64;37;43;36;24;24;24;11;Turkey
Gregory Coupet;84;89;181;80;Right;31/12/1972;GK;3;0;28;21;21;21;21;32;68;21;28;79;31;41;57;34;21;22;21;21;5;85;90;87;88;France
Gyorgy Garics;66;82;183;75;Right;08/03/1984;RWB;3;0;70;64;66;72;39;36;53;45;71;46;61;59;68;72;68;56;46;45;50;22;22;22;9;Austria
Hakan Balta;66;77;183;86;Right;22/3/1983;CM;3;0;66;61;42;51;62;69;72;64;72;64;66;71;73;69;51;60;41;59;58;22;22;22;9;Turkey
Hakan Yakin;73;79;181;83;Left;22/02/1977;CAM;4;0;76;71;52;47;77;59;71;70;77;72;71;67;72;67;57;82;72;77;84;21;21;21;13;Switzerland
Hamit Altintop;75;85;183;82;Right;08/12/1982;CM;3;0;81;77;38;46;79;62;79;79;78;75;75;80;77;77;63;88;71;87;79;21;21;21;13;Turkey
Heiko Westermann;78;82;190;80;Right;14/08/1983;CB;3;0;64;49;82;78;73;71;74;45;61;47;67;75;78;70;80;46;38;44;31;20;20;20;6;Germany
Helder Postiga;78;81;179;79;Right;02/08/1982;CF;3;0;81;72;23;25;67;63;77;52;76;63;83;79;68;78;77;80;76;73;52;20;20;20;11;Portugal
Henk Timmer;72;80;188;78;Right;03/12/1971;GK;3;0;21;22;22;22;34;78;43;22;22;76;69;88;82;67;22;22;22;22;17;74;74;66;70;Netherlands
Henrik Larsson;83;86;178;75;Right;20/09/1971;ST;4;0;82;77;60;65;73;87;84;76;78;72;80;79;74;75;86;85;90;73;75;20;20;20;13;Sweden
Hrvoje Vejic;69;72;191;87;Right;8/6/1977;CB;3;0;65;52;69;70;69;57;65;52;65;62;72;75;75;69;72;51;31;41;45;23;23;23;6;Croatia
Hugo Almeida;77;86;192;93;Left;23/05/1984;ST;4;0;69;64;23;34;81;57;71;32;66;44;66;79;89;67;88;86;80;58;54;23;23;23;14;Portugal
Ibrahim Afellay;75;83;178;70;Right;02/04/1986;RM;4;0;76;79;23;29;66;71;69;72;73;68;76;75;62;74;59;64;48;56;62;20;20;20;10;Netherlands
Igor Akinfeev;84;90;184;78;Right;08/04/1986;GK;4;0;22;24;24;24;54;78;80;24;23;78;51;55;67;46;24;24;24;24;9;92;84;80;89;Russia
Igor Budan;77;78;185;80;Right;22/04/1980;ST;3;0;71;72;34;42;70;64;64;62;71;55;69;78;84;76;81;81;80;69;58;20;20;20;10;Croatia
Igor Semshov;76;77;170;64;Right;06/04/1978;CAM;4;0;73;79;52;64;68;66;68;81;86;71;64;77;62;71;66;78;64;59;63;24;24;24;8;Russia
Iker Casillas;91;92;185;79;Left;20/5/1981;GK;2;0;26;22;22;22;23;94;87;22;21;71;71;47;62;55;22;26;22;22;11;96;88;90;94;Spain
Ioannis Amanatidis;78;82;181;80;Right;03/12/1981;ST;3;0;76;72;34;26;65;59;71;71;71;35;82;70;70;88;75;79;79;67;65;20;20;20;11;Greece
Ivan Klasnic;77;85;186;79;Left;29/01/1980;ST;3;0;81;77;23;32;75;65;75;74;72;21;71;57;70;67;83;85;78;78;63;23;23;23;10;Croatia
Ivan Rakitic;74;88;184;72;Right;10/03/1988;CAM;3;0;78;74;23;21;56;62;76;68;76;65;75;63;60;76;51;68;81;72;60;22;22;22;7;Croatia
Ivan Saenko;78;84;178;77;Right;17/10/1983;ST;4;0;72;76;22;32;74;72;72;57;69;49;84;79;76;88;73;72;86;71;49;22;22;22;15;Russia
Ivica Olic;79;85;182;82;Left;14/09/1979;ST;4;0;72;78;40;35;55;71;62;61;73;46;82;82;77;77;81;83;80;68;66;24;24;24;10;Croatia
Ivica Vastic;74;80;183;78;Right;29/09/1969;CAM;3;0;75;80;25;23;42;68;77;63;80;79;49;62;67;55;72;75;77;81;79;23;23;23;10;Austria
Jacek Bak;71;79;190;82;Right;24/03/1973;CB;3;0;62;39;74;63;76;52;67;43;62;55;42;74;81;51;77;63;26;42;50;21;21;21;14;Poland
Jacek Krzynowek;75;83;180;73;Left;15/05/1976;LM;2;0;72;74;52;57;71;75;56;82;69;74;71;77;73;76;54;94;68;93;81;22;22;22;6;Poland
Jakub Wawrzyniak;65;70;188;88;Left;07/07/1983;LM;2;0;54;64;56;63;68;43;59;68;62;56;72;83;64;66;51;57;42;54;44;25;25;25;9;Poland
Jan Koller;75;79;202;106;Right;30/03/1973;ST;3;0;71;51;23;43;58;75;74;52;66;42;71;78;91;72;89;82;79;74;41;23;23;23;7;Czech Republic
Jan Polak;77;78;181;78;Left;14/03/1981;CM;0;0;78;68;77;75;74;76;68;77;81;76;76;83;76;77;67;86;47;62;54;22;22;22;14;Czech Republic
Jan Vennegoor of Hesselink;78;80;191;87;Right;7/11/1978;ST;4;0;81;72;23;41;67;89;67;44;67;53;73;79;89;77;88;84;83;72;63;22;22;22;8;Netherlands
Jaromir Blazek;78;83;188;88;Right;29/12/1972;GK;3;0;24;21;21;21;60;57;61;21;22;68;52;63;72;57;21;24;21;21;8;87;79;76;74;Czech Republic
Jaroslav Plasil;71;81;183;71;Right;5/1/1982;CM;4;0;78;62;31;69;61;73;61;77;74;68;68;73;61;71;65;73;43;59;55;22;22;22;12;Czech Republic
Jean-Alain Boumsong;76;77;190;84;Right;14/12/1979;CB;3;0;72;39;69;78;82;64;77;53;64;75;62;74;79;76;82;64;35;47;21;22;22;22;11;France
Jens Lehmann;83;87;190;87;Right;10/11/1969;GK;3;0;21;21;21;38;78;74;71;21;27;76;49;55;74;54;21;29;21;21;10;77;88;89;80;Germany
Jeremy Toulalan;80;88;184;83;Right;10/09/1983;CDM;3;0;84;74;78;80;86;82;82;72;86;73;71;90;74;70;64;66;27;64;48;22;22;22;6;France
Jerko Leko;70;79;187;80;Right;09/04/1980;CDM;3;0;73;51;71;72;77;59;53;56;72;73;73;60;78;67;73;71;44;47;53;23;23;23;9;Croatia
Joachim Standfest;67;75;180;74;Right;30/05/1980;RM;3;0;68;64;46;55;62;45;58;63;74;64;66;72;67;61;63;53;41;54;53;25;25;25;6;Austria
Joan Capdevila;80;83;182;78;Left;3/2/1978;LB;3;0;77;72;83;79;70;78;86;79;81;79;82;85;77;82;79;85;70;85;77;21;21;21;8;Spain
Joao Moutinho;81;85;170;61;Right;08/09/1986;CAM;3;0;86;82;64;68;73;80;79;78;84;78;83;80;78;78;67;76;73;82;84;21;21;21;5;Portugal
Johan Djourou;74;83;183;78;Right;18/01/1987;CB;3;0;60;45;74;76;73;68;64;47;60;52;69;78;72;77;77;41;34;32;38;21;21;21;5;Switzerland
Johan Elmander;85;87;188;85;Right;27/05/1981;CF;4;0;86;86;21;28;69;85;84;63;76;49;78;77;83;82;78;84;88;72;67;21;21;21;5;Sweden
Johan Vonlanthen;77;83;175;71;Right;01/02/1986;ST;4;0;77;83;34;46;60;67;61;67;67;69;80;80;75;79;67;75;75;62;44;20;20;20;12;Switzerland
Johan Wiland;70;73;189;77;Right;24/01/1981;GK;3;0;32;35;21;23;48;52;50;35;35;59;46;50;67;48;35;35;40;23;19;78;66;69;69;Sweden
John Heitinga;75;83;180;72;Right;15/11/1983;CB;3;0;72;53;73;77;80;74;74;45;52;73;76;78;78;76;75;57;46;61;57;20;20;20;13;Netherlands
Jorge Ribeiro;70;74;172;67;Left;9/11/1981;LB;3;0;66;64;70;72;72;64;59;69;67;67;69;81;71;77;64;85;58;74;66;20;20;20;9;Portugal
Joris Mathijsen;78;81;182;72;Left;05/04/1980;CB;3;0;64;47;83;79;78;55;67;82;79;64;73;74;82;75;76;33;33;29;48;22;22;22;12;Netherlands
Jose Bosingwa;76;80;183;75;Right;24/8/1982;RWB;3;0;74;67;77;77;72;77;76;62;73;68;92;85;80;91;43;73;47;62;42;21;21;21;8;Portugal
Josip Simunic;80;81;195;89;Left;18/02/1978;CB;4;0;62;25;83;82;75;89;60;43;63;69;61;81;78;75;83;63;23;47;38;23;23;23;9;Croatia
Juanito;82;83;182;77;Right;23/07/1976;CB;3;0;59;52;86;85;78;64;66;50;61;63;71;78;85;76;86;62;56;57;31;22;22;22;15;Spain
Jurgen Macho;73;78;193;87;Right;24/08/1977;GK;2;0;24;21;20;20;61;66;72;24;22;71;52;56;78;56;20;25;20;20;14;72;74;71;73;Austria
Jurgen Patocka;68;67;192;93;Left;30/07/1977;CB;3;0;46;50;65;72;43;46;59;45;46;51;57;64;73;55;76;52;37;48;45;25;25;25;12;Austria
Jurgen Saumel;67;73;180;74;Left;08/09/1984;CDM;3;0;64;70;45;76;69;65;75;59;66;65;67;65;66;70;60;64;65;63;60;20;20;20;13;Austria
Karim Benzema;80;89;183;73;Right;19/12/1987;ST;4;0;76;77;21;35;64;71;75;68;73;47;83;73;62;81;81;79;86;74;73;21;21;21;2;France
Kevin Kuranyi;82;88;190;80;Right;02/03/1982;ST;3;0;77;76;20;31;78;72;84;61;78;47;81;87;79;84;91;79;89;65;32;20;20;20;8;Germany
Khalid Boulahrouz;77;81;179;74;Right;28/12/1981;CB;3;0;66;28;77;77;94;59;73;55;64;60;66;74;85;69;80;64;22;42;57;22;22;22;13;Netherlands
Kim Kallstrom;82;88;182;83;Left;24/08/1982;CAM;4;0;84;79;67;74;81;79;78;79;87;82;82;84;89;77;74;82;77;82;75;23;23;23;10;Sweden
Klaas-Jan Huntelaar;84;90;186;78;Right;12/8/1983;ST;3;0;83;82;30;27;65;71;85;52;74;41;78;79;77;83;84;84;95;74;82;24;24;24;10;Netherlands
Konstantin Zyryanov;77;82;176;72;Right;5/10/1977;CM;4;0;78;78;70;68;70;75;76;71;84;75;72;82;73;73;62;75;79;78;73;24;24;24;5;Russia
Konstantinos Chalkias;73;75;199;88;Right;30/05/1974;GK;3;0;23;32;23;28;51;61;69;31;23;68;45;75;79;44;23;23;26;23;15;74;72;73;69;Greece
Kostas Katsouranis;77;80;183;81;Right;21/6/1979;CDM;2;0;76;68;78;78;80;78;80;69;75;63;71;80;81;72;80;84;68;74;57;25;25;25;9;Greece
Lassana Diarra;73;79;173;68;Right;10/03/1985;CDM;3;0;73;48;74;77;73;70;73;46;78;67;72;85;69;75;68;64;36;47;31;21;21;21;7;France
Libor Sionko;72;74;178;72;Right;01/02/1977;RWM;4;0;64;72;45;50;56;62;74;68;86;65;75;71;59;75;53;66;59;42;75;22;22;22;9;Czech Republic
Lilian Thuram;82;87;185;79;Right;01/01/1972;CB;3;0;78;63;82;85;87;89;85;67;71;55;78;71;90;73;84;44;21;27;43;21;21;21;8;France
Loukas Vyntra;72;74;184;76;Left;5/2/1981;CB;4;0;78;58;76;74;69;65;66;75;65;68;77;74;76;68;65;70;60;69;50;20;20;20;14;Greece
Luca Toni;86;89;194;89;Right;26/05/1977;ST;4;0;81;82;21;24;72;87;94;68;77;31;73;77;89;69;94;92;93;73;74;21;21;21;9;Italy
Ludovic Magnin;75;79;185;76;Left;20/04/1979;LB;3;0;72;57;81;76;68;68;55;78;78;76;67;75;71;82;67;71;37;75;63;25;25;25;7;Switzerland
Luka Modric;71;90;173;72;Right;09/09/1985;CM;3;0;84;78;22;20;79;61;89;63;78;79;75;61;66;71;61;81;83;73;84;20;20;20;2;Croatia
Lukas Podolski;83;90;180;81;Left;04/06/1985;CF;3;0;82;84;23;33;53;70;78;69;69;55;85;66;62;83;62;87;85;83;76;25;25;25;7;Germany
Lukasz Fabianski;75;84;190;84;Right;18/04/1985;GK;3;0;21;21;21;21;43;42;73;21;21;66;59;41;59;47;21;21;21;21;11;81;75;73;80;Poland
Lukasz Gargula;72;87;177;71;Right;25/02/1981;CAM;0;0;71;74;34;55;69;53;87;70;75;75;65;75;76;76;46;71;56;76;85;25;25;25;12;Poland
Lukasz Piszczek;64;78;184;73;Left;03/06/1985;ST;2;0;64;56;34;37;53;37;71;42;65;58;68;65;58;62;58;64;68;57;44;23;23;23;13;Poland
Maarten Stekelenburg;77;82;194;84;Right;22/09/1982;GK;3;0;34;35;28;21;76;65;66;21;35;73;64;74;76;67;35;21;42;21;8;76;75;80;76;Netherlands
Maciej Zurawski;84;86;182;76;Right;12/09/1976;ST;4;0;81;77;20;20;20;72;62;51;65;31;74;79;20;83;71;88;88;79;64;20;20;20;9;Poland
Marcell Jansen;78;86;191;82;Left;04/11/1985;LWB;3;0;77;81;76;81;73;78;79;76;76;62;92;78;77;87;71;51;48;46;46;21;21;21;8;Germany
Marcin Wasilewski;70;71;186;88;Right;09/06/1980;RB;3;0;54;59;71;73;78;62;62;67;61;54;68;79;85;68;76;67;56;63;56;24;24;24;13;Poland
Marco Amelia;83;86;188;78;Right;02/04/1982;GK;3;0;22;41;27;37;41;61;42;22;22;84;51;59;73;58;38;66;42;22;10;86;81;82;86;Italy
Marco Borriello;70;71;180;73;Right;18/06/1982;ST;3;0;58;82;53;44;78;63;66;26;42;28;69;81;53;68;72;69;71;48;46;20;20;20;6;Italy
Marco Materazzi;87;88;193;92;Left;19/08/1973;CB;3;0;73;61;87;88;91;41;78;54;66;52;78;86;91;79;92;74;64;73;29;20;20;20;12;Italy
Marco Streller;76;80;197;86;Left;18/06/1981;ST;3;0;74;73;21;21;62;56;58;58;68;43;71;71;74;77;79;76;79;61;41;21;21;21;9;Switzerland
Marcos Senna;80;81;177;76;Right;17/07/1976;CM;4;0;85;70;69;70;72;79;74;80;85;80;74;78;77;74;69;76;73;77;78;22;22;22;5;Spain
Marcus Allback;76;76;180;77;Right;05/07/1973;ST;3;0;74;71;26;37;64;68;70;47;72;39;73;71;78;71;80;85;74;63;54;20;20;20;13;Sweden
Marek Jankulovski;80;81;180;75;Left;09/05/1977;LM;3;0;80;75;82;85;79;78;71;82;79;67;81;82;75;81;80;71;69;61;65;22;22;22;7;Czech Republic
Marek Matejovsky;74;85;179;75;Right;20/12/1981;CM;5;0;82;68;50;52;60;79;68;75;80;76;75;80;59;63;52;75;70;79;77;20;20;20;11;Czech Republic
Marek Saganowski;72;82;178;76;Right;31/10/1978;ST;4;0;61;65;25;29;59;64;72;55;57;48;72;69;49;74;77;73;79;55;55;20;20;20;11;Poland
Mario Galinovic;72;74;195;82;Right;25/10/1976;GK;3;0;23;20;20;20;60;53;66;20;20;73;60;51;56;60;20;20;20;20;12;72;74;72;72;Croatia
Mario Gomez;79;88;189;81;Right;10/07/1985;ST;3;0;72;73;25;22;71;63;81;51;72;49;77;66;83;74;83;84;89;71;32;25;25;25;9;Germany
Mario Melchiot;76;78;188;80;Right;04/11/1976;RB;3;0;70;64;80;72;78;77;63;72;69;67;66;80;81;69;82;66;32;40;41;20;20;20;8;Netherlands
Marius Niculae;71;77;184;74;Left;16/05/1981;ST;3;0;64;66;24;21;62;61;64;47;54;47;71;77;74;73;69;72;72;67;58;21;21;21;12;Romania
Marius Popa;64;65;183;80;Right;12/4/1978;GK;3;0;36;39;35;24;31;36;31;37;42;67;37;33;34;61;33;38;25;24;26;59;72;67;68;Romania
Mariusz Jop;73;77;185;78;Right;03/08/1978;CB;3;0;62;63;72;75;72;67;67;58;63;47;57;73;77;68;76;67;21;29;68;20;20;20;11;Poland
Mariusz Lewandowski;74;74;185;84;Right;18/05/1979;CDM;3;0;70;60;71;79;80;69;62;43;68;59;73;82;82;60;82;74;65;70;30;23;23;23;11;Poland
Markus Katzer;62;70;186;83;Left;11/12/1979;LWB;0;0;58;57;62;64;61;48;65;62;68;62;70;64;61;66;67;59;29;22;52;20;20;20;9;Austria
Markus Rosenberg;80;84;185;80;Right;27/10/1982;ST;4;0;72;81;21;21;62;67;77;54;60;36;86;82;73;84;79;84;85;75;61;25;25;25;7;Sweden
Martin Fenin;65;76;181;77;Left;16/04/1987;CF;3;0;63;69;36;30;30;56;70;55;52;44;86;66;47;68;70;63;65;55;36;20;20;20;10;Czech Republic
Martin Harnik;53;73;185;78;Right;10/06/1987;ST;3;0;46;43;27;20;38;32;42;37;34;32;58;39;41;61;56;61;55;51;51;20;20;20;8;Austria
Martin Hiden;73;75;184;74;Right;11/03/1973;CB;3;0;56;51;77;82;53;53;59;60;54;60;50;52;70;51;79;61;54;50;56;22;22;22;13;Austria
Martin Stranzl;81;81;190;80;Right;16/06/1980;CB;3;0;70;62;82;85;81;61;67;67;71;80;79;80;78;82;81;73;47;64;55;21;21;21;7;Austria
Massimo Ambrosini;79;83;182;71;Right;29/05/1977;CDM;3;0;81;74;79;81;84;72;70;80;74;74;79;82;72;78;86;76;69;39;51;21;21;21;6;Italy
Mauro Camoranesi;85;84;174;70;Right;04/10/1976;RM;4;0;84;83;74;71;85;72;83;91;81;79;78;88;70;84;62;67;56;86;70;25;25;25;9;Italy
Mehmet Aurelio;74;78;178;75;Right;15/12/1977;CM;3;0;72;77;74;74;71;72;72;67;74;68;74;85;74;73;69;74;59;69;59;23;23;23;11;Turkey
Mehmet Topal;67;79;187;78;Right;03/03/1986;CDM;2;0;54;67;72;72;66;74;62;57;68;62;76;72;73;67;71;51;54;61;66;20;20;20;2;Turkey
Mevlut Erding;54;75;180;85;Right;25/02/1987;ST;3;0;53;51;22;21;33;47;47;41;36;22;61;51;55;58;60;55;54;42;43;20;20;20;8;Turkey
Michael Ballack;84;88;189;80;Right;26/09/1976;CM;4;0;87;74;54;75;76;83;77;82;91;90;75;72;86;75;91;86;86;87;86;21;21;21;8;Germany
Michal Kadlec;63;85;183;73;Left;13/12/1984;LB;0;0;58;79;69;69;71;78;67;66;69;69;74;69;54;70;44;58;43;44;67;22;22;22;9;Czech Republic
Michal Pazdan;62;71;180;78;Right;21/10/1987;CB;3;0;54;52;63;67;67;37;44;57;52;47;56;60;69;51;71;54;25;29;53;21;21;21;14;Poland
Michal Zewlakow;68;69;183;78;Right;22/04/1976;RB;4;0;58;56;71;71;68;60;63;68;63;64;64;70;69;65;74;70;39;57;68;20;20;20;5;Poland
Miguel;79;85;179;78;Right;04/01/1980;RB;3;0;77;74;78;80;77;81;85;76;77;75;90;91;86;86;69;76;77;79;68;21;21;21;14;Portugal
Miguel Veloso;79;84;180;79;Left;11/05/1986;CDM;0;0;80;74;82;83;85;86;78;68;77;79;73;83;77;74;72;84;68;84;77;20;20;20;4;Portugal
Mikael Dorsin;69;70;182;78;Left;06/10/1981;LWB;3;0;65;39;67;66;73;68;68;64;60;55;78;86;80;76;53;67;31;60;19;24;24;24;9;Sweden
Mikael Nilsson;69;68;182;75;Right;24/06/1978;RM;3;0;71;75;70;48;75;57;67;56;67;62;58;81;48;79;69;60;46;58;42;23;23;23;7;Sweden
Milan Baros;80;84;184;76;Right;28/10/1981;ST;4;0;80;81;48;43;79;72;74;58;60;51;86;81;68;85;71;80;77;62;62;20;20;20;13;Czech Republic
Mirel Radoi;80;83;177;77;Right;22/03/1981;CB;3;0;38;40;88;93;83;50;69;41;71;52;58;69;66;81;89;72;45;50;87;24;24;24;15;Romania
Miroslav Klose;86;90;183;74;Right;09/06/1978;ST;4;0;79;80;23;26;88;69;87;64;70;27;91;89;79;84;93;87;90;71;51;23;23;23;9;Germany
Mladen Petric;80;85;183;79;Left;01/01/1981;CF;4;0;78;79;25;25;70;81;79;64;78;69;77;74;72;78;71;80;85;79;88;25;25;25;14;Croatia
Morgan De Sanctis;80;85;190;80;Right;26/03/1977;GK;3;0;22;22;22;22;75;77;61;22;22;70;52;50;70;35;22;22;22;22;8;84;81;75;84;Italy
Nani;82;88;175;76;Right;17/11/1986;LWM;0;0;84;92;32;31;53;73;73;76;76;67;86;81;59;86;58;71;70;72;54;23;23;23;5;Portugal
Niclas Alexandersson;74;76;181;75;Right;29/12/1971;RM;5;0;73;73;49;56;63;60;58;81;75;59;56;76;56;60;63;58;57;60;56;22;22;22;8;Sweden
Nicolae Dica;76;78;181;73;Right;9/5/1980;CF;4;0;83;81;32;40;68;81;77;76;78;74;78;78;65;76;64;74;75;76;78;24;24;24;14;Romania
Nicolas Anelka;83;85;185;82;Right;14/03/1979;ST;3;0;82;83;27;28;63;80;74;64;71;40;91;73;74;90;77;84;84;79;52;22;22;22;12;France
Nigel de Jong;76;87;174;72;Right;30/11/1984;CDM;4;0;73;73;75;80;78;73;82;72;78;70;78;78;75;75;75;73;72;72;68;21;21;21;6;Netherlands
Nihat;81;83;175;71;Right;23/11/1979;CF;3;0;76;77;45;48;70;70;85;76;76;66;84;87;70;84;66;83;82;79;78;21;21;21;12;Turkey
Niko Kovac;73;80;178;75;Right;15/10/1971;CDM;4;0;65;45;77;80;91;80;83;60;74;79;65;81;86;71;80;73;52;76;66;21;21;21;6;Croatia
Niko Kranjcar;78;82;185;75;Right;13/08/1984;CAM;4;0;81;83;41;54;70;65;64;88;76;77;65;88;65;70;62;78;73;78;73;20;20;20;9;Croatia
Nikola Kalinic;63;68;187;84;Right;5/1/1988;ST;3;0;61;61;21;26;64;62;65;59;56;54;64;56;58;66;61;68;66;64;61;21;21;21;1;Croatia
Nikola Pokrivac;69;76;185;84;Left;26/11/1985;CDM;3;0;68;52;66;67;76;73;68;73;70;73;71;75;78;66;68;66;48;56;46;21;21;21;5;Croatia
Nikos Liberopoulos;76;79;186;79;Right;04/08/1975;ST;3;0;73;69;43;58;79;76;77;59;69;66;74;73;77;72;87;78;81;79;74;25;25;25;6;Greece
Nikos Spiropoulos;69;72;176;73;Right;10/10/1983;LB;3;0;71;77;71;74;65;65;60;72;70;75;75;60;71;81;69;56;31;26;50;25;25;25;6;Germany
Nuno;73;75;188;84;Right;25/01/1974;GK;3;0;21;20;20;20;60;50;72;22;31;73;33;56;70;32;20;32;22;20;20;75;73;71;74;Portugal
Nuno Gomes;76;80;180;76;Right;05/07/1976;ST;2;0;79;70;22;37;74;72;74;58;79;53;76;70;73;77;72;80;75;66;51;21;21;21;8;Portugal
Ognjen Vukojevic;66;68;184;78;Right;20/9/1983;LM;3;0;69;64;41;58;61;61;68;61;68;65;71;69;65;70;63;59;64;56;60;22;22;22;1;Croatia
Oleg Ivanov;69;75;188;78;Right;4/8/1986;CAM;3;0;73;70;45;46;72;66;65;66;75;67;75;75;75;73;57;57;71;67;54;21;21;21;8;Russia
Oliver Neuville;76;83;171;64;Right;01/05/1973;CF;4;0;82;76;25;30;38;70;77;75;72;54;80;73;47;79;65;73;74;69;70;23;23;23;8;Germany
Olof Mellberg;76;81;185;83;Right;03/09/1977;CB;4;0;55;33;74;79;82;72;72;42;61;57;67;78;80;70;84;53;22;34;33;21;21;21;11;Sweden
Orlando Engelaar;72;74;196;92;Left;24/08/1979;CAM;3;0;77;73;37;58;64;55;63;54;74;63;68;70;74;69;67;74;69;72;61;22;22;22;7;Netherlands
Paraskevas Antzas;74;76;192;85;Right;18/08/1976;SW;3;0;73;58;78;74;84;75;77;69;74;68;67;73;75;74;65;66;66;54;53;22;22;22;9;Greece
Pascal Zuberbuhler;72;76;196;98;Left;08/01/1971;GK;0;0;32;22;22;22;74;74;73;22;32;78;30;61;81;56;22;27;22;22;8;75;66;69;73;Switzerland
Patrice Evra;78;84;175;76;Left;15/05/1981;LB;3;0;80;77;79;78;71;73;79;75;76;82;90;84;74;91;70;74;51;60;42;20;20;20;13;France
Patrick Muller;76;78;183;69;Right;17/12/1976;CB;4;0;72;24;79;75;77;74;68;32;72;65;60;73;77;62;76;56;22;64;32;22;22;22;11;Switzerland
Patrick Vieira;85;90;192;82;Right;23/06/1976;CDM;3;0;84;66;94;88;88;89;86;66;84;71;74;89;94;73;89;78;41;56;57;21;21;21;18;France
Paul Codrea;75;78;174;69;Right;4/4/1981;CDM;3;0;81;66;68;73;83;80;71;70;83;72;67;83;75;68;60;68;51;83;78;24;24;24;9;Romania
Paulo Ferreira;76;80;182;76;Right;18/01/1979;RB;3;0;77;61;75;79;68;75;76;78;72;62;78;80;71;77;75;42;32;31;28;23;23;23;8;Portugal
Pawel Golanski;68;73;183;74;Right;12/10/1982;RB;3;0;65;57;72;68;81;55;73;57;61;57;66;66;74;70;71;81;33;40;68;21;21;21;9;Poland
Pepe;83;86;186;72;Right;26/02/1983;CB;3;0;73;58;87;86;73;77;80;38;68;70;85;80;81;83;81;69;41;56;47;23;23;23;6;Portugal
Pepe Reina;84;86;188;92;Right;31/8/1982;GK;3;0;23;21;21;29;69;72;78;21;21;90;60;65;74;66;21;29;21;21;18;88;80;82;84;Spain
Per Mertesacker;87;89;196;85;Right;29/09/1984;CB;3;0;66;45;92;91;76;81;74;38;67;58;73;79;84;77;91;75;23;25;45;21;21;21;12;Germany
Petit;72;78;178;68;Right;25/09/1976;CDM;2;0;72;47;79;77;90;68;68;61;77;69;66;86;77;66;57;92;64;83;78;21;21;21;11;Portugal
Petr Cech;89;91;197;88;Left;20/05/1982;GK;3;0;24;20;20;28;67;77;83;20;25;84;53;48;74;54;20;21;20;20;19;92;90;88;91;Czech Republic
Petter Hansson;75;76;186;84;Right;14/12/1976;CB;2;0;58;57;72;76;76;46;57;59;68;64;67;77;79;56;81;76;49;43;67;23;23;23;11;Sweden
Philipp Degen;74;82;185;81;Right;15/02/1983;RWB;3;0;74;75;70;76;68;65;69;76;70;57;77;79;74;80;65;67;33;58;49;20;20;20;10;Switzerland
Philipp Lahm;82;89;170;62;Right;11/11/1983;LWB;4;0;86;85;83;85;73;86;90;87;85;66;84;81;56;84;44;51;37;77;41;23;23;23;10;Germany
Philippe Senderos;77;80;188;85;Right;14/02/1985;CB;0;0;54;30;73;80;80;67;76;24;48;40;63;76;85;67;86;39;25;25;19;20;20;20;7;Switzerland
Piotr Trochowski;75;86;169;69;Right;22/03/1984;CAM;4;0;82;87;56;38;68;69;77;76;78;74;77;68;58;74;62;69;59;67;68;23;23;23;9;Germany
Radoslav Kovac;72;76;189;78;Right;27/11/1979;CDM;3;0;71;66;71;69;67;69;58;67;74;65;61;82;70;61;76;55;72;57;61;21;21;21;7;Czech Republic
Rafael van der Vaart;85;90;175;70;Left;11/02/1983;CAM;4;0;89;85;25;33;52;70;89;86;92;87;81;75;66;84;67;76;75;88;88;25;25;25;6;Netherlands
Rafal Murawski;66;68;175;75;Right;09/10/1981;CM;0;0;67;71;42;60;52;63;62;67;68;64;64;73;55;66;57;71;59;84;59;22;22;22;6;Poland
Ramazan Ozcan;73;77;186;84;Right;28/6/1984;GK;2;0;26;25;25;25;85;52;72;25;33;63;58;52;77;62;25;28;25;25;9;77;70;72;74;Austria
Rami Shaaban;73;72;193;93;Right;30/06/1975;GK;2;0;24;24;24;25;24;64;74;24;24;76;47;59;74;57;24;25;24;24;7;73;76;69;74;Sweden
Raul Albiol;82;88;187;74;Right;04/09/1985;CB;3;0;77;65;85;80;79;79;85;72;74;70;81;88;85;80;77;73;70;74;57;20;20;20;6;Spain
Raul Meireles;77;79;179;65;Right;17/03/1983;CM;4;0;77;74;72;73;75;77;76;67;79;77;82;85;76;77;62;80;56;78;65;24;24;24;15;Portugal
Razvan Cocis;70;81;181;74;Right;19/2/1983;RWM;4;0;74;68;51;42;58;63;63;79;68;69;76;63;68;72;61;72;68;72;49;20;20;20;10;Romania
Razvan Rat;71;77;178;72;Left;26/5/1981;LB;3;0;67;63;69;75;63;68;64;72;73;71;81;78;74;71;72;72;62;70;49;23;23;23;14;Romania
Renat Yanbayev;65;74;172;65;Left;7/4/1984;LB;5;0;61;62;68;71;66;71;60;69;56;68;75;69;65;74;56;57;60;62;39;24;24;24;10;Russia
Rene Adler;78;89;189;80;Right;15/01/1985;GK;3;0;23;23;23;23;40;35;67;23;23;65;52;60;64;58;23;23;23;23;7;87;77;67;87;Germany
Rene Aufhauser;71;74;185;80;Right;21/06/1976;CM;3;0;74;65;76;75;84;59;68;74;60;64;71;85;83;70;86;51;39;62;56;22;22;22;11;Austria
Ricardo;77;77;188;80;Right;11/02/1976;GK;3;0;21;21;28;21;69;57;38;21;24;83;68;51;74;66;21;21;21;21;6;82;72;74;82;Portugal
Ricardo Cabanas;77;81;173;70;Right;17/01/1979;CM;4;0;78;75;74;79;79;68;77;70;81;70;66;76;74;63;63;76;65;66;69;20;20;20;16;Switzerland
Ricardo Carvalho;86;87;183;79;Right;18/05/1978;CB;3;0;68;42;91;90;80;85;85;47;72;62;68;86;83;73;85;52;37;38;35;21;21;21;7;Portugal
Ricardo Quaresma;85;90;173;67;Right;26/9/1983;RWM;4;0;87;86;36;44;78;80;73;86;84;81;82;81;67;87;66;82;70;81;79;21;21;21;7;Portugal
Robert Enke;83;87;186;78;Right;24/08/1977;GK;3;0;20;20;20;20;63;81;78;20;23;77;59;54;74;56;20;29;20;20;11;86;84;84;83;Germany
Robert Kovac;77;83;182;78;Right;06/04/1974;CB;3;0;56;40;84;78;85;76;79;41;65;65;70;76;78;72;79;65;52;66;57;21;21;21;9;Croatia
Robin van Persie;85;88;183;71;Left;6/8/1983;CF;2;0;89;84;23;32;48;86;79;87;86;68;86;73;59;84;59;83;90;90;92;22;22;22;6;Netherlands
Roland Linz;75;77;185;75;Right;09/08/1981;ST;3;0;72;68;32;37;67;74;75;46;68;56;74;74;70;72;78;76;79;64;53;22;22;22;13;Austria
Roman Adamov;71;73;187;79;Right;21/6/1982;ST;4;0;63;67;37;32;73;67;64;64;68;57;75;76;78;71;78;76;71;67;53;24;24;24;9;Russia
Roman Kienast;63;70;190;85;Right;29/3/1984;ST;2;0;64;64;22;22;75;47;60;42;45;33;67;66;68;67;65;75;60;56;45;22;22;22;13;Austria
Roman Pavlyuchenko;64;64;188;78;Right;15/12/1981;ST;3;0;58;63;40;38;58;60;62;56;65;57;66;76;71;58;79;63;67;68;50;24;24;24;11;Russia
Roman Shirokov;71;85;187;83;Right;6/6/1981;CM;3;0;70;65;70;78;72;76;71;53;73;75;87;77;74;82;74;62;59;59;64;22;22;22;5;Russia
Ronald Gercaliu;64;77;181;76;Left;01/02/1986;LB;3;0;56;51;60;67;73;54;71;60;64;54;65;72;71;68;66;46;22;30;42;20;20;20;7;Austria
Ruben de la Red;80;82;185;79;Right;5/6/1985;CM;4;0;81;76;73;77;61;78;79;73;87;82;78;78;69;78;58;81;61;81;61;21;21;21;10;Spain
Rudolf Skacel;67;83;178;77;Left;17/7/1979;LWM;0;0;68;64;52;64;54;72;69;69;59;61;70;76;71;71;58;62;76;72;71;20;20;20;14;Czech Republic
Rui Patricio;67;74;188;84;Right;15/02/1988;GK;3;0;20;20;20;22;43;46;79;20;20;69;31;49;66;31;23;34;20;20;16;70;70;63;66;Portugal
Rustu Recber;79;82;186;76;Right;10/05/1973;GK;0;0;23;20;20;20;53;76;72;20;27;73;62;50;73;54;20;26;20;20;9;78;86;79;74;Turkey
Ruud van Nistelrooy;86;90;188;80;Right;1/7/1976;ST;3;0;85;82;23;34;81;87;94;70;84;65;78;71;86;76;85;89;95;66;57;23;23;23;7;Netherlands
Sabri Sarioglu;72;85;170;63;Right;26/07/1984;RM;0;0;64;73;61;54;69;72;74;71;72;67;88;80;79;83;41;77;64;79;71;20;20;20;11;Turkey
Samir Nasri;84;90;177;75;Right;20/06/1987;CAM;4;0;87;88;37;47;64;67;84;77;90;84;82;75;69;81;67;76;76;79;75;21;21;21;12;France
Santi Cazorla;72;78;169;66;Right;13/12/1984;RM;0;0;74;70;69;49;55;66;72;72;74;70;73;67;63;74;35;70;71;75;68;24;24;24;7;Spain
Sebastian Larsson;74;78;175;75;Right;06/06/1985;CM;3;0;76;74;56;63;67;75;69;80;77;68;68;82;73;73;60;70;66;71;82;21;21;21;9;Sweden
Sebastian Prodl;70;85;192;87;Right;21/06/1987;CB;4;0;55;23;68;69;68;52;66;37;57;51;67;73;74;72;79;46;20;31;38;20;20;20;4;Austria
Sebastien Frey;82;85;189;85;Right;18/03/1980;GK;3;0;27;21;21;21;40;82;76;21;23;83;35;42;55;39;21;23;21;21;14;94;75;86;84;France
Sebastien Squillaci;82;84;183;79;Right;11/08/1980;CB;3;0;72;51;85;84;76;75;63;25;76;64;74;78;82;75;84;71;43;21;25;20;20;20;9;France
Semih Senturk;70;74;183;78;Right;29/04/1983;ST;2;0;67;64;23;34;62;58;61;56;59;51;72;73;68;78;67;71;69;58;59;23;23;23;4;Turkey
Sergei Ignashevich;71;75;186;82;Right;14/7/1979;CB;3;0;62;49;72;76;73;68;64;47;67;60;63;80;76;61;73;76;58;69;66;22;22;22;9;Russia
Sergei Semak;75;77;177;74;Right;27/2/1976;CAM;4;0;79;74;64;78;61;70;72;64;80;76;74;79;67;69;62;67;78;74;86;24;24;24;6;Russia
Sergio Garcia;79;83;175;72;Right;09/06/1983;ST;3;0;79;73;31;35;73;73;81;86;77;74;83;78;76;81;81;75;83;78;76;22;22;22;12;Spain
Sergio Ramos;86;92;183;73;Right;30/03/1986;RB;3;0;81;72;88;91;84;76;80;66;82;64;84;86;86;85;86;63;43;42;61;20;20;20;9;Spain
Servet Cetin;72;82;191;84;Right;17/03/1983;CB;2;0;44;33;79;74;77;71;74;22;37;53;73;67;71;69;80;54;31;39;32;23;23;23;10;Turkey
Sidney Govou;79;88;175;72;Right;27/07/1979;RWM;3;0;78;74;24;29;54;74;76;80;79;69;84;79;62;88;82;79;81;76;70;24;24;24;10;France
Simao;82;88;170;64;Right;31/10/1979;LWM;5;0;76;87;31;27;69;80;88;86;80;67;86;70;48;88;33;74;74;78;88;21;21;21;8;Portugal
Simao;67;73;172;58;Right;05/07/1984;CAM;4;0;68;67;42;45;42;41;57;60;68;64;75;73;47;70;45;58;60;61;50;21;21;21;12;Portugal
Simon Rolfes;82;85;189;79;Left;21/01/1982;CDM;4;0;83;75;68;82;72;78;68;76;87;72;77;88;76;79;76;64;67;63;61;23;23;23;9;Germany
Simone Perrotta;82;84;178;72;Right;17/09/1977;CM;3;0;85;80;61;85;80;82;72;85;83;76;84;95;71;83;79;81;79;73;75;22;22;22;10;Italy
Sorin Ghionea;56;58;187;82;Right;11/04/1979;CB;3;0;44;40;51;71;61;51;54;70;53;46;50;47;52;72;56;52;45;47;49;24;24;24;14;Romania
Sotirios Kyrgiakos;80;79;193;88;Right;23/07/1979;CB;3;0;68;39;81;80;75;67;50;46;68;61;63;72;80;76;88;55;28;45;58;25;25;25;4;Greece
Stanislav Vlcek;75;75;183;79;Right;26/02/1976;RF;3;0;77;78;34;45;58;62;77;74;70;72;80;78;67;75;64;76;69;62;65;22;22;22;10;Czech Republic
Stefan Radu;73;82;178;70;Right;22/10/1986;CB;3;0;59;46;81;77;78;71;67;61;63;61;68;77;73;63;65;57;49;58;46;21;21;21;6;Romania
Stelios Giannakopoulos;77;81;172;70;Right;12/07/1974;RM;3;0;84;63;55;58;76;78;79;81;83;78;73;78;70;69;59;78;83;63;73;21;21;21;10;Greece
Stephan Lichtsteiner;76;85;181;69;Right;16/01/1984;RB;4;0;72;42;78;81;78;77;75;47;60;50;80;83;82;68;69;58;52;59;66;21;21;21;10;Switzerland
Stephane Grichting;78;81;184;80;Left;30/03/1979;CB;3;0;57;49;82;75;81;50;74;46;46;53;61;79;83;59;84;39;21;63;45;21;21;21;6;Switzerland
Steve Mandanda;73;85;185;82;Right;28/03/1985;GK;3;0;23;21;21;21;53;63;54;21;31;70;53;46;49;43;21;34;21;21;7;77;74;75;76;France
Stipe Pletikosa;76;77;193;83;Left;08/01/1979;GK;3;0;31;23;23;23;67;56;73;23;23;78;64;48;76;51;23;23;23;23;12;74;77;76;79;Croatia
Theofanis Gekas;78;85;180;76;Right;23/05/1980;ST;3;0;72;69;28;25;62;75;91;66;63;61;92;70;68;93;79;73;87;74;60;25;25;25;8;Greece
Thierry Henry;90;91;188;83;Right;17/08/1977;ST;4;0;91;92;21;21;40;92;92;76;86;67;94;83;78;93;65;86;95;86;89;21;21;21;14;France
Thomas Hitzlsperger;77;82;182;75;Left;05/04/1982;LM;4;0;73;67;73;77;83;71;81;76;88;83;74;89;86;75;74;94;68;88;79;20;20;20;8;Germany
Tim Borowski;82;88;194;84;Right;02/05/1980;CM;5;0;83;70;67;84;69;70;81;65;85;82;69;85;84;75;82;93;72;85;78;22;22;22;11;Germany
Tim de Cler;71;82;183;72;Left;08/11/1978;LB;4;0;63;46;75;76;75;69;65;59;64;68;69;77;72;64;68;46;44;46;54;21;21;21;7;Netherlands
Tobias Linderoth;72;79;177;75;Right;21/04/1979;CDM;3;0;72;33;74;85;66;74;73;44;73;63;59;83;75;65;67;64;41;58;55;21;21;21;13;Sweden
Tolga Zengin;67;72;192;81;Right;10/10/1983;GK;2;0;29;23;23;23;62;76;49;29;24;64;63;71;69;64;23;23;23;23;11;65;68;66;69;Turkey
Tomas Galasek;82;86;180;77;Right;15/01/1973;CM;3;0;82;78;73;90;74;75;72;79;84;81;67;74;85;64;79;86;69;66;65;21;21;21;11;Czech Republic
Tomas Sivok;65;70;185;74;Left;15/09/1983;CM;3;0;63;76;75;31;73;54;58;66;82;66;73;64;55;64;56;66;74;74;74;20;20;20;12;Czech Republic
Tomas Ujfalusi;82;86;185;76;Right;24/03/1978;CB;3;0;80;67;84;84;66;60;73;73;75;72;60;58;79;79;91;74;34;77;49;25;25;25;7;Czech Republic
Tomasz Zahorski;63;62;188;74;Right;11/11/1984;ST;2;0;58;58;22;23;53;63;67;43;54;46;64;66;63;69;64;59;68;52;47;23;23;23;9;Poland
Torsten Frings;86;88;182;80;Right;22/11/1976;CDM;4;0;81;75;87;89;82;70;85;83;90;89;76;94;88;72;81;72;63;84;55;22;22;22;12;Germany
Traianos Dellas;77;77;197;92;Right;31/01/1976;CB;3;0;77;54;77;76;74;69;73;75;79;78;74;78;77;74;80;79;59;67;62;23;23;23;6;Greece
Tranquillo Barnetta;81;88;176;62;Left;22/05/1985;LWM;4;0;85;87;45;49;59;71;65;79;74;64;88;71;60;87;55;61;51;62;62;20;20;20;8;Switzerland
Tumer Metin;78;83;174;69;Left;14/04/1974;CAM;4;0;82;81;22;22;72;83;67;72;84;71;70;71;73;70;52;79;73;76;66;24;24;24;9;Turkey
Tuncay Sanli;77;81;182;70;Right;16/01/1982;CF;3;0;77;78;39;27;69;77;75;79;71;51;80;77;70;81;67;75;77;76;60;23;23;23;11;Turkey
Ugur Boral;74;76;178;72;Right;14/04/1982;LM;0;0;63;84;61;54;72;76;79;80;68;63;71;74;76;74;59;64;52;62;37;23;23;23;13;Turkey
Umit Korkmaz;64;75;180;75;Left;17/09/1985;LWM;4;0;68;62;48;37;64;58;72;61;69;47;73;50;66;75;36;36;52;60;49;20;20;20;8;Austria
Vaclav Sverkos;74;83;185;72;Right;01/11/1983;ST;4;0;68;73;24;31;33;45;72;54;64;46;87;61;42;82;69;79;74;62;54;22;22;22;5;Czech Republic
Valon Behrami;79;89;186;76;Right;19/04/1985;RWM;4;0;84;76;66;71;79;73;75;75;74;69;82;83;82;86;78;77;79;77;69;21;21;21;6;Switzerland
Vasili Berezutski;71;73;189;83;Right;20/6/1982;RB;3;0;60;53;72;75;80;73;67;57;64;59;64;72;84;58;74;58;21;39;61;24;24;24;8;Russia
Vasilis Torosidis;74;78;186;80;Right;10/6/1985;RB;2;0;72;74;75;79;69;71;73;70;72;69;88;77;74;87;67;61;47;45;58;20;20;20;9;Greece
Vedran Corluka;72;75;182;73;Right;05/02/1986;RB;3;0;69;64;72;73;73;70;71;75;75;62;78;77;69;68;67;77;34;72;58;21;21;21;1;Croatia
Vedran Runje;75;79;185;86;Left;10/02/1976;GK;2;0;23;20;20;20;74;69;76;20;24;79;68;53;78;63;20;22;20;20;13;78;72;74;74;Croatia
Vladimir Bystrov;74;79;173;65;Right;31/01/1984;RM;2;0;71;74;40;39;56;76;62;70;72;61;85;78;58;90;56;63;66;62;45;24;24;24;9;Russia
Vladimir Gabulov;79;85;188;74;Right;19/10/1983;GK;3;0;25;24;24;24;61;47;73;24;28;78;61;58;64;55;24;25;24;24;10;83;75;78;79;Russia
Volkan Demirel;78;86;192;88;Right;27/10/1981;GK;2;0;27;23;23;23;48;63;72;23;36;86;62;52;83;61;22;36;23;23;14;82;75;73;81;Turkey
Vyacheslav Malafeev;81;88;185;76;Right;04/03/1979;GK;3;0;32;24;21;24;61;70;76;24;39;79;42;83;72;50;22;39;24;23;24;83;84;85;76;Russia
Wesley Sneijder;83;89;170;67;Left;09/06/1984;CM;4;0;85;87;60;70;68;74;82;82;91;89;80;74;72;80;68;82;85;88;90;23;23;23;8;Netherlands
Wilfred Bouma;72;78;178;82;Left;15/06/1978;LB;3;0;65;37;72;72;76;75;76;66;63;64;75;81;78;74;76;83;45;68;53;22;22;22;11;Netherlands
William Gallas;85;86;180;72;Right;17/08/1977;CB;3;0;71;46;91;87;82;77;83;56;63;56;87;82;85;84;82;46;37;33;24;22;22;22;7;France
Willy Sagnol;83;87;180;78;Right;18/03/1977;RWB;4;0;82;78;87;86;73;89;90;89;78;85;83;84;67;81;73;53;23;41;53;21;21;21;10;France
Wojciech Kowalewski;70;74;189;86;Right;11/5/1977;GK;3;0;20;21;11;21;72;67;67;17;30;29;49;63;83;42;33;15;12;17;31;66;70;76;66;Poland
Wojciech Lobodzinski;73;72;188;80;Right;20/10/1982;RWM;3;0;72;75;42;45;64;63;63;81;64;54;70;65;59;72;50;65;65;68;48;20;20;20;13;Poland
Xabi Alonso;84;87;183;75;Right;25/11/1981;CM;4;0;89;69;83;72;57;84;80;76;89;93;77;85;77;76;70;83;68;92;84;25;25;25;12;Spain
Xavi;85;88;170;69;Right;25/01/1980;CM;3;0;86;82;60;81;66;82;89;82;92;91;83;82;72;79;70;74;72;85;86;23;23;23;13;Spain
Yannis Goumas;72;76;184;76;Left;24/5/1975;CB;3;0;61;43;77;74;66;74;67;71;63;74;74;78;77;70;79;74;33;42;51;25;25;25;14;Greece
Yuri Zhirkov;80;87;178;70;Left;20/8/1983;LM;4;0;76;87;77;74;62;73;83;82;81;76;79;83;67;78;69;69;67;73;69;20;20;20;8;Russia
Zdenek Grygera;81;81;184;79;Right;14/05/1980;CB;3;0;69;74;85;81;75;53;75;58;72;53;71;89;71;76;82;65;63;64;65;24;24;24;5;Czech Republic
Zdenek Pospech;67;84;174;72;Right;14/12/1978;RWB;3;0;63;66;65;68;55;62;73;72;69;48;80;74;66;86;68;64;57;77;63;23;23;23;10;Czech Republic
Zlatan Ibrahimovic;86;91;192;84;Right;03/10/1981;ST;3;0;89;89;24;21;80;72;81;57;71;36;78;68;91;86;91;88;88;83;86;24;24;24;12;Sweden