,id,Fullname,current_rating,potential_rating,height,weight,preferred_foot,birth_date,preferred_positions,work_rate,weak_foot,skill_moves,value,wage,ball_control,dribbling,marking,slide_tackle,stand_tackle,aggression,reactions,att_position,interceptions,vision,composure,crossing,short_pass,long_pass,acceleration,stamina,strength,balance,sprint_speed,agility,jumping,heading,shot_power,finishing,long_shots,curve,fk_acc,penalties,volleys,gk_positioning,gk_diving,gk_handling,gk_kicking,gk_reflexes,nationality
237,17725,Aaron Hughes,70,70,183,70,Right,08/11/1979,CB,Medium / Medium,3,2,170.000,2.0,58,47,75,71,73,66,68,29,68,41,46,65,58,33,60,75,52,31,41,67,73,48,34,26,42,25,45,33,12,8,6,16,11,,Northern Ireland
8583,186561,Aaron Ramsey,82,85,177,70,Right,26/12/1990,CM-CDM-RW,High / High,3,3,18.000.000,90.0,82,81,62,68,74,74,82,83,69,81,75,83,80,69,92,69,75,69,77,65,58,81,75,75,70,70,75,79,10,6,11,5,8,,Wales
5891,180819,Adam Lallana,80,80,172,73,Right,10/05/1988,CAM-RW-LM,High / Medium,5,4,10.500.000,80.0,82,85,30,38,52,46,75,76,61,83,74,83,74,76,83,67,76,70,83,73,67,68,73,72,77,66,70,72,8,6,15,14,11,,England
2983,223207,Ádám Lang,68,74,185,78,Right,17/01/1993,CB,Medium / Medium,3,2,,,54,32,73,68,69,66,59,26,71,26,53,49,48,63,58,70,67,68,59,73,68,52,36,43,28,50,56,30,9,6,9,13,16,,Hungary
11133,230936,Ádám Nagy,68,79,175,70,Right,17/06/1995,CDM-RM,Medium / High,5,2,,,73,68,71,64,68,63,69,63,70,57,71,74,68,77,57,48,79,66,81,58,47,52,58,62,73,59,48,68,10,10,7,6,14,,Hungary
13448,184433,Adam Nemec,66,66,190,90,Left,02/09/1985,ST,Medium / Medium,4,2,425.000,4.0,59,55,15,12,13,48,65,64,34,42,44,53,42,55,55,86,43,55,34,67,78,78,65,63,50,43,56,62,15,9,16,8,15,,Slovakia
86,201176,Ádám Pintér,72,72,190,84,Right,12/06/1988,CB-CDM,Medium / High,3,2,,,61,51,63,59,77,83,65,52,76,61,43,68,67,40,74,90,47,52,35,49,76,74,36,35,35,48,52,40,14,6,14,13,7,,Hungary
8375,184789,Ádám Szalai,74,74,193,91,Right,09/12/1987,ST,Medium / Medium,3,3,2.500.000,35.0,73,70,27,13,41,74,75,74,41,66,49,71,48,53,68,86,59,65,62,65,80,80,74,61,58,42,76,67,16,14,12,6,9,,Hungary
3700,183280,Adil Rami,79,79,190,88,Right,27/12/1985,CB,Medium / High,3,2,5.500.000,60.0,64,53,81,80,84,82,63,24,81,22,28,58,64,56,64,90,50,66,58,76,80,83,45,58,43,55,48,45,5,5,3,5,3,,France
6248,188770,Admir Mehmedi,77,80,183,80,Right,16/03/1991,CF-ST-LM,High / Medium,3,3,6.500.000,50.0,79,84,29,36,40,68,78,76,42,75,68,75,63,75,75,73,78,79,81,61,60,82,73,74,73,62,69,72,15,13,14,8,16,,Switzerland
743,184826,Adrien Silva,80,81,175,69,Right,15/03/1989,CM,High / High,4,3,11.500.000,60.0,84,80,58,64,75,77,74,74,79,82,78,82,84,60,76,56,56,60,71,56,61,83,70,82,75,78,85,77,10,15,6,8,7,,Portugal
299,223046,Ahmet Çalık,73,80,184,77,Right,26/02/1994,CB,Medium / High,4,2,2.500.000,20.0,64,50,76,70,78,69,65,39,72,34,32,65,60,66,75,76,60,70,42,84,73,39,42,21,28,35,44,30,8,11,8,6,13,,Turkey
5316,155885,Aiden McGeady,76,76,177,71,Right,04/04/1986,RM-LM,High / Low,3,5,3.500.000,35.0,80,84,34,29,41,77,73,66,51,66,74,74,71,79,71,57,75,78,90,57,60,72,66,66,68,72,77,70,13,10,9,12,6,,Republic of Ireland
10019,199319,Ákos Elek,70,70,193,91,Left,21/07/1988,CDM,Medium / High,3,2,,,71,58,72,65,68,78,68,69,71,57,69,68,65,67,81,87,56,62,52,57,50,65,64,66,59,54,58,63,6,13,14,6,10,,Hungary
4210,110606,Alan Mannus,68,68,188,92,Right,19/05/1982,GK,Medium / Medium,3,1,450.000,1.0,22,13,13,13,20,34,58,19,17,47,13,11,30,32,30,64,61,50,41,56,11,21,11,12,14,16,17,14,67,71,67,63,73,,Northern Ireland
8705,181318,Albin Ekdal,75,76,186,82,Right,28/07/1989,CM,High / Medium,3,3,3.400.000,30.0,80,76,54,64,70,84,76,72,65,75,69,77,77,69,78,75,57,69,69,66,60,72,60,69,74,70,68,66,5,5,5,5,5,,Sweden
11097,189060,Aleksandar Dragović,78,82,186,79,Right,06/03/1991,CB-CDM,Medium / Medium,4,2,,,68,62,80,77,84,69,75,67,85,71,49,69,62,70,73,80,64,74,67,80,76,69,41,53,32,61,65,37,13,10,7,11,8,,Austria
6547,203551,Alessandro Florenzi,79,82,173,67,Right,11/03/1991,RB-RW-CM,High / Medium,3,3,8.000.000,60.0,83,78,71,76,77,79,79,82,73,75,75,82,75,86,92,68,84,84,87,74,70,82,76,80,73,79,76,87,11,9,8,10,10,,Italy
6157,220925,Alessandro Schöpf,72,79,178,75,Right,07/02/1994,RM-CAM-CM-LM,High / Medium,5,3,2.100.000,20.0,74,77,26,24,29,31,73,64,32,64,66,72,63,82,75,49,75,75,86,58,40,68,66,66,69,61,64,65,11,13,6,13,10,,Austria
6147,147621,Alexandr Samedov,79,79,177,75,Right,19/07/1984,RM-CAM,High / Medium,3,3,6.500.000,35.0,81,76,52,47,52,70,78,78,42,81,83,81,72,83,78,68,71,80,78,64,59,73,74,75,86,79,66,61,11,8,8,8,12,,Russia
4696,212048,Alexandru Chipciu,71,72,176,74,Right,18/05/1989,CAM-RM-LM,High / Medium,4,3,,,72,70,46,33,40,57,75,77,39,65,70,70,63,82,77,64,75,79,82,68,66,69,67,68,67,60,61,53,14,12,16,10,11,,Romania
6564,195586,Alfreð Finnbogason,75,76,185,78,Right,01/02/1989,ST,Medium / Medium,4,2,3.500.000,30.0,70,75,28,34,32,45,80,86,20,72,37,71,67,69,73,70,69,69,67,55,60,75,82,76,56,51,85,79,15,6,15,16,11,,Iceland
10670,199282,Amir Abrashi,71,73,172,71,Right,27/03/1990,CDM-CM,High / High,3,3,1.200.000,15.0,64,63,70,76,75,88,69,56,73,59,55,65,61,75,91,70,87,72,82,73,38,74,56,62,51,45,54,47,13,16,16,13,12,,Albania
8263,211575,André Gomes,80,87,188,84,Right,30/07/1993,CM-LM-CAM,Medium / Medium,4,3,14.500.000,50.0,84,86,65,58,75,80,76,73,70,82,61,86,80,74,78,84,64,73,69,65,69,77,68,73,81,68,55,63,14,12,9,6,8,,Portugal
5364,193130,André Schürrle,79,83,184,74,Right,06/11/1990,LM-RM-ST,Medium / Medium,4,4,9.500.000,60.0,78,83,23,39,32,64,81,78,43,75,75,78,60,91,72,64,78,86,84,72,61,85,75,83,77,70,81,80,9,7,11,12,12,,Germany
4429,153244,André-Pierre Gignac,81,81,187,84,Right,05/12/1985,ST,Medium / Medium,3,3,12.000.000,50.0,77,75,22,23,41,80,79,83,41,72,72,72,62,71,67,86,51,70,66,70,81,84,84,81,76,69,78,82,11,10,15,14,11,,France
5330,137186,Andrea Barzagli,85,85,187,87,Right,08/05/1981,CB,Low / High,3,2,7.500.000,90.0,65,60,90,88,90,76,84,29,92,50,40,65,65,69,69,85,69,79,61,83,76,51,27,39,50,31,50,35,2,4,2,4,4,,Italy
5019,156713,Andreas Granqvist,79,79,192,84,Right,16/04/1985,CB,High / Medium,4,2,5.500.000,45.0,63,49,83,79,83,81,76,54,82,49,49,73,67,46,67,83,36,49,55,64,81,74,51,59,36,40,79,37,10,7,9,12,15,,Sweden
12738,20551,Andreas Isaksson,71,71,200,86,Right,03/10/1981,GK,Medium / Medium,2,1,875.000,10.0,15,11,17,20,19,32,65,13,19,22,11,38,30,36,31,70,21,42,28,62,12,23,19,12,12,20,25,17,71,75,68,63,75,,Sweden
13150,148067,Andrei Prepeliţă,70,70,178,75,Right,08/12/1985,CM-RM-RB,Medium / Medium,3,2,,,73,65,62,63,62,62,71,66,67,65,62,75,71,69,79,77,65,71,63,57,58,70,63,62,66,61,61,51,10,14,10,15,10,,Romania
6441,216354,Andrej Kramarić,74,78,177,73,Right,19/06/1991,ST,Medium / Medium,4,4,3.200.000,25.0,78,80,20,26,20,68,78,78,19,59,68,64,50,78,73,58,74,69,78,67,60,77,76,75,67,71,79,73,7,8,14,14,15,,Croatia
10836,142902,Andriy Pyatov,80,80,190,84,Right,28/06/1984,GK,Medium / Medium,3,1,8.000.000,45.0,12,12,12,10,9,35,78,14,23,63,13,29,24,44,37,76,32,44,58,73,10,19,9,12,14,16,15,12,81,82,74,83,83,,Ukraine
3699,186578,Andy King,70,71,183,74,Right,29/10/1988,CM,High / Medium,3,2,1.100.000,20.0,71,69,59,61,65,51,71,72,57,70,61,73,70,69,69,71,60,65,69,71,71,73,71,74,63,59,63,69,10,8,6,7,6,,Wales
976,183855,Angelo Ogbonna,79,79,191,86,Left,23/05/1988,CB,Medium / High,3,2,6.000.000,50.0,57,59,84,83,84,70,64,30,82,28,51,60,58,69,70,87,54,73,69,74,78,71,25,46,51,36,39,30,4,5,3,5,4,,Italy
7763,199482,Anthony Lopes,82,86,184,81,Left,01/10/1990,GK,Medium / Medium,2,1,16.000.000,80.0,21,15,13,13,15,35,85,17,25,52,19,32,31,60,33,65,62,64,65,85,16,20,18,18,15,14,16,13,77,86,79,76,87,,Portugal
1234,211300,Anthony Martial,78,86,181,76,Right,05/12/1995,LM-ST,High / Medium,4,4,8.000.000,50.0,81,85,21,17,18,62,81,80,42,64,67,75,58,90,79,80,80,88,84,81,72,80,81,68,73,54,71,74,15,9,8,8,11,,France
5815,194765,Antoine Griezmann,84,88,176,67,Left,21/03/1991,ST-LW-RW,High / Medium,3,4,28.000.000,120.0,84,86,23,11,22,69,83,88,35,74,82,77,75,86,76,62,70,86,89,83,78,79,87,78,84,74,71,83,13,14,8,14,14,,France
5343,173221,Antonio Candreva,81,81,180,70,Right,28/02/1987,RW-CAM,High / Medium,4,3,12.000.000,70.0,86,83,42,44,46,66,80,77,53,80,86,81,71,80,86,73,76,83,75,40,55,84,74,87,76,71,86,75,4,10,4,14,14,,Italy
8157,143745,Arda Turan,83,83,177,76,Right,30/01/1987,RM-CM-LM,High / High,4,4,16.000.000,110.0,90,87,56,68,63,80,81,82,59,86,82,85,82,79,75,69,79,70,86,79,70,74,72,77,81,64,73,80,12,11,7,11,11,,Turkey
6402,179899,Ari Skúlason,64,64,170,65,Left,14/05/1987,LB-CM,High / Medium,2,2,230.000,5.0,68,65,54,60,60,68,65,61,56,76,71,73,68,71,83,66,85,65,83,76,37,65,51,68,66,65,63,57,12,11,6,7,13,,Iceland
3169,205175,Arkadiusz Milik,77,84,186,78,Left,28/02/1994,ST,Medium / Medium,3,2,7.000.000,45.0,71,71,29,32,34,67,74,75,36,60,58,62,62,73,77,74,63,75,69,62,73,83,84,77,71,74,79,75,15,9,16,16,6,,Poland
4320,203458,Arlind Ajeti,68,76,184,83,Right,25/09/1993,CB,Medium / Medium,3,2,800.000,2.0,59,42,69,65,68,64,61,31,64,46,50,58,57,67,65,82,52,77,63,78,68,52,21,34,43,41,45,40,11,11,10,8,12,,Albania
7362,216479,Armando Sadiku,64,68,185,80,Right,27/05/1991,ST,Medium / Medium,2,3,425.000,1.0,60,59,20,24,37,58,61,66,39,46,34,48,33,74,59,67,57,78,60,71,58,68,68,64,54,31,63,45,11,9,15,9,7,,Albania
3381,211177,Arnór Ingvi Traustason,71,78,182,75,Right,30/04/1993,LM,High / High,3,2,1.700.000,15.0,76,75,22,18,28,62,70,58,39,68,74,70,62,80,72,60,73,71,75,47,41,78,66,76,71,66,57,74,9,11,12,15,8,,Iceland
2058,189167,Aron Gunnarsson,68,69,177,70,Right,22/04/1989,CM,Medium / High,3,2,700.000,7.0,71,66,58,68,68,83,68,62,68,64,64,70,66,65,76,75,74,69,76,70,68,70,57,66,56,59,52,61,10,11,6,16,9,,Iceland
4044,187607,Artem Dzyuba,80,80,196,91,Right,22/08/1988,ST,High / Medium,3,3,11.000.000,70.0,77,71,25,19,15,78,76,84,35,79,61,71,67,74,83,93,34,75,33,60,88,83,84,74,61,71,77,73,11,15,12,11,8,,Russia
9982,105846,Artur Boruc,76,76,193,87,Right,20/02/1980,GK,Medium / Medium,3,1,2.200.000,25.0,18,14,13,20,20,38,72,17,25,40,12,25,34,41,31,69,40,46,40,75,11,21,11,15,13,19,21,13,74,82,72,62,83,,Poland
12447,177790,Artur Jędrzejczyk,72,72,188,82,Right,04/11/1987,RB-CB,High / High,3,2,1.200.000,20.0,70,63,75,76,72,83,65,53,72,36,68,68,66,69,88,76,62,69,64,72,67,71,48,39,47,34,34,52,16,7,8,12,11,,Poland
6516,192756,Artur Yusupov,74,75,179,71,Right,01/09/1989,CDM-CM,Medium / Medium,3,2,,30.0,77,68,70,69,73,60,69,54,74,74,68,82,73,70,82,63,71,77,73,44,67,65,60,73,60,49,57,55,16,8,8,12,15,,Russia
8147,163824,Ashley Williams,81,81,182,91,Right,23/08/1984,CB,Medium / High,4,2,8.500.000,45.0,69,57,76,79,85,83,79,28,83,53,32,70,74,68,73,86,59,72,58,86,82,64,37,40,34,23,45,34,7,7,10,16,10,,Wales
1124,201707,Attila Fiola,69,71,182,70,Right,17/02/1990,RB-CB,Medium / High,3,2,,,64,52,69,75,72,58,62,58,64,39,63,67,66,75,72,61,65,71,73,72,68,42,24,43,45,30,53,33,9,9,13,7,6,,Hungary
5948,177413,Axel Witsel,81,82,186,73,Right,12/01/1989,CM-CDM,Medium / Medium,3,4,13.500.000,70.0,85,83,69,71,73,78,81,75,80,78,69,83,78,67,85,79,60,74,82,72,77,78,71,74,69,68,81,67,10,5,7,7,7,,Belgium
13255,163419,Bacary Sagna,80,80,176,72,Right,14/02/1983,RB,High / Medium,4,3,6.000.000,70.0,75,74,83,84,83,75,80,66,79,59,74,65,64,75,81,79,76,75,68,84,79,69,40,62,66,47,59,56,9,11,9,7,9,,France
2409,182879,Balázs Dzsudzsák,78,78,179,72,Left,23/12/1986,LM-RM,Medium / Low,4,4,6.000.000,50.0,78,78,27,20,21,53,74,72,25,76,86,74,73,80,74,64,73,78,84,63,42,85,72,83,85,84,85,73,7,10,7,14,10,,Hungary
11329,234172,Barnabás Bese,63,71,188,80,Right,06/05/1994,RB-RM,Medium / Medium,3,3,,,64,67,58,64,59,67,68,58,56,32,71,66,48,66,58,80,57,77,58,51,54,61,49,47,32,29,44,26,14,11,7,9,15,,Hungary
11313,216003,Bartosz Kapustka,69,82,179,67,Right,23/12/1996,CAM-LM,High / Medium,2,3,1.200.000,1.0,67,67,55,50,43,38,66,62,41,71,62,72,67,83,66,50,75,78,76,72,56,65,63,61,62,49,55,46,12,6,10,9,14,,Poland
12027,189558,Bartosz Salamon,70,73,196,89,Right,01/05/1991,CB-CDM,Medium / Medium,3,2,1.000.000,15.0,68,57,70,68,70,63,66,30,70,55,38,66,71,53,68,78,33,62,58,87,67,60,35,54,45,59,41,24,13,14,9,9,12,,Poland
7786,121944,Bastian Schweinsteiger,85,85,183,79,Right,01/08/1984,CM-CDM,High / High,3,3,21.000.000,120.0,82,77,68,76,77,80,89,80,86,86,79,87,87,51,74,78,61,53,73,83,79,84,73,81,82,78,83,82,13,14,14,13,11,,Germany
5731,205923,Ben Davies,76,82,181,71,Left,24/04/1993,LB,High / High,3,2,4.300.000,45.0,75,72,80,80,79,61,70,60,73,67,73,74,67,79,83,69,65,77,74,72,63,53,51,43,60,48,54,37,7,11,7,6,14,,Wales
9063,179784,Benedikt Höwedes,83,83,187,82,Right,29/02/1988,CB-RB-LB,Medium / Medium,3,2,13.500.000,90.0,70,60,85,84,84,79,82,51,85,57,58,74,64,63,69,81,61,67,65,82,84,62,48,31,38,52,56,38,10,14,6,9,7,,Germany
482,158121,Benoît Costil,81,81,188,86,Right,03/07/1987,GK,Medium / Medium,3,1,10.000.000,60.0,12,13,16,14,11,22,77,12,22,44,11,35,33,49,28,65,45,53,38,49,15,22,14,15,12,11,15,12,82,82,80,78,85,,France
8811,192563,Bernd Leno,83,88,190,83,Right,04/03/1992,GK,Medium / Medium,4,1,19.500.000,80.0,22,16,8,18,15,28,83,7,22,53,9,37,33,46,43,68,44,52,52,73,13,23,9,14,9,8,23,10,83,84,83,81,84,,Germany
5566,175789,Birkir Bjarnason,71,71,184,75,Right,27/05/1988,LM-CAM-CM,Medium / Medium,4,3,1.200.000,20.0,73,66,30,48,64,68,71,79,65,67,62,70,63,72,87,73,78,75,72,81,74,64,72,63,55,22,39,58,12,13,6,9,10,,Iceland
13365,183122,Birkir Már Sævarsson,66,66,187,74,Right,11/11/1984,RB-CB,Medium / Medium,3,2,300.000,4.0,60,51,66,64,66,66,65,48,64,58,62,58,55,76,74,71,57,80,63,71,67,56,41,54,58,36,49,46,14,6,12,13,13,,Iceland
11718,170890,Blaise Matuidi,84,84,175,70,Left,09/04/1987,CDM-CM,High / High,3,2,16.500.000,130.0,77,73,82,83,84,84,83,70,86,74,75,84,79,74,94,73,79,76,77,83,73,74,65,66,65,52,56,72,10,8,11,5,14,,France
8949,138699,Blerim Džemaili,72,72,179,73,Right,12/04/1986,CM-CDM,Medium / Medium,3,2,1.400.000,15.0,73,71,65,62,68,67,74,71,73,68,67,75,73,67,77,69,68,69,68,70,64,85,56,79,68,74,68,75,6,13,7,11,14,,Switzerland
913,200911,Bogdan Stancu,74,74,183,75,Left,28/06/1987,ST-LM,High / Low,4,3,2.400.000,30.0,74,70,23,30,29,61,75,78,22,70,62,70,51,72,76,75,63,75,79,74,72,76,77,69,54,61,76,71,14,7,11,14,15,,Romania
8922,181271,Bořek Dočkal,74,75,182,72,Right,30/09/1988,CAM-RM-CM,Medium / Low,4,3,,,75,76,25,26,32,52,71,68,50,78,82,76,73,68,69,53,70,69,69,63,57,75,70,75,76,78,70,67,11,10,9,14,8,,Czech Republic
12908,222357,Breel Donald Embolo,76,88,185,84,Right,14/02/1997,ST-RM,High / Medium,4,4,6.000.000,15.0,82,77,24,22,28,63,73,78,41,69,57,72,70,84,81,85,73,87,81,72,66,75,76,61,63,51,56,66,7,13,6,7,12,,Switzerland
1720,138110,Bruno Alves,78,78,187,83,Right,27/11/1981,CB,Medium / Medium,3,2,2.700.000,25.0,70,68,78,72,79,90,73,52,72,56,67,66,74,62,71,88,63,60,65,92,79,83,62,78,77,78,75,60,9,15,13,16,15,,Portugal
9204,184120,Bruno,81,81,184,73,Left,12/06/1984,CM,Medium / High,3,3,10.000.000,45.0,82,74,70,85,84,79,84,69,85,81,58,86,84,52,75,77,59,55,53,66,61,84,66,81,72,77,75,48,11,13,10,9,8,,Spain
3556,124375,Burak Yılmaz,78,78,188,81,Right,15/07/1985,ST,High / Medium,3,3,,,65,69,20,26,29,85,81,86,33,62,68,66,60,83,68,77,48,82,72,66,72,85,82,73,66,75,79,77,8,14,15,11,12,,Turkey
3505,186539,Burim Kukeli,61,61,180,72,Left,16/01/1984,CM-CB,Medium / Medium,3,2,140.000,3.0,58,51,63,59,71,66,64,60,64,62,57,65,59,53,79,65,70,66,65,68,57,64,42,48,48,53,55,48,16,13,16,11,13,,Albania
9202,171875,Caner Erkin,76,76,179,76,Left,04/10/1988,LB-LM,High / Medium,2,3,3.200.000,45.0,78,82,65,73,73,88,78,79,72,75,84,74,74,85,84,66,70,83,78,78,62,81,67,80,84,84,74,76,7,11,12,10,13,,Turkey
11474,192991,Cenk Tosun,77,81,183,78,Right,07/06/1991,ST,High / Medium,4,3,7.000.000,35.0,75,72,13,15,34,66,78,80,31,61,64,70,60,75,74,80,66,75,76,80,82,80,77,73,72,73,75,75,12,12,14,12,9,,Turkey
1287,162895,Cesc Fàbregas,86,86,175,74,Right,04/05/1987,CM-CAM,High / Medium,3,3,27.000.000,160.0,87,81,62,62,64,45,83,80,54,92,86,92,91,65,81,64,77,62,65,68,74,77,76,78,77,81,80,81,15,6,10,8,15,,Spain
7772,138289,Chris Baird,71,71,181,74,Right,25/02/1982,RB-CDM,Medium / Medium,3,2,500.000,10.0,65,58,77,78,75,76,75,38,74,62,68,72,68,61,73,71,71,51,57,80,75,72,43,58,44,61,53,50,6,13,10,8,14,,Northern Ireland
961,173752,Chris Gunter,70,71,180,71,Right,21/07/1989,RB,High / Medium,3,2,925.000,15.0,65,62,70,70,69,67,72,65,69,59,66,65,62,79,83,63,70,78,73,71,59,48,45,43,61,23,47,56,16,12,8,16,9,,Wales
5344,189881,Chris Smalling,83,85,192,90,Right,22/11/1989,CB,Medium / High,3,2,17.000.000,90.0,64,64,85,85,88,82,83,42,83,49,52,71,56,77,80,88,48,76,60,75,85,42,23,35,36,22,52,54,15,10,15,16,15,,England
11595,184111,Christian Benteke,80,83,190,83,Right,03/12/1990,ST,Medium / Medium,4,3,13.500.000,80.0,81,75,25,18,30,76,71,76,29,73,58,72,48,75,77,92,48,79,74,82,85,85,81,76,60,67,77,74,8,14,5,12,5,,Belgium
12453,139313,Christian Fuchs,76,76,186,86,Left,07/04/1986,LB-LWB,Medium / Medium,2,3,2.800.000,35.0,74,67,75,76,77,78,73,74,76,72,88,77,72,66,78,77,60,68,66,76,76,83,57,79,86,84,68,70,16,14,12,15,13,,Austria
10828,190324,Christian Kabasele,75,78,187,84,Right,24/02/1991,CB,Low / High,3,2,3.200.000,25.0,64,59,74,80,76,77,69,57,71,36,47,60,57,77,78,83,64,78,63,81,76,57,53,44,34,27,53,52,14,14,11,6,16,,Belgium
12793,150590,Christophe Jallet,78,78,178,65,Right,31/10/1983,RB,High / Medium,3,2,4.000.000,50.0,77,70,79,79,77,77,82,74,75,75,79,79,77,72,83,73,74,75,75,77,71,73,61,66,74,66,71,70,6,8,8,9,11,,France
6947,183129,Ciaran Clark,76,77,188,76,Left,26/09/1989,CB,Medium / Medium,2,2,3.600.000,35.0,64,53,75,80,79,82,73,50,77,51,39,68,63,62,70,76,51,67,59,66,79,71,43,54,52,43,55,62,14,14,7,12,12,,Republic of Ireland
9028,201325,Ciprian Tătăruşanu,75,75,195,88,Right,09/02/1986,GK,Medium / Medium,3,1,2.500.000,25.0,19,16,16,12,15,33,74,13,26,35,13,37,37,50,42,68,42,47,59,64,15,14,15,12,11,11,16,11,79,72,74,76,75,,Romania
6986,192387,Ciro Immobile,79,81,185,78,Right,20/02/1990,ST,High / Medium,3,3,9.000.000,50.0,77,75,21,33,33,73,84,80,40,59,55,71,49,79,72,74,64,83,75,78,74,85,83,76,70,51,71,80,12,6,8,15,6,,Italy
1689,165429,Claudiu Keşerü,71,71,178,76,Left,02/12/1986,ST-CF,High / Medium,3,2,,,72,66,22,26,30,38,71,76,47,67,64,60,56,59,66,61,70,66,78,71,61,86,78,72,76,74,76,70,8,14,10,12,12,,Romania
9357,195480,Conor McLaughlin,63,67,183,71,Right,26/07/1991,RB,Medium / Medium,3,2,275.000,1.0,62,54,62,65,63,65,53,43,64,32,52,60,50,70,80,61,63,68,71,75,50,48,34,42,52,44,49,35,8,9,13,8,6,,Northern Ireland
2975,217758,Conor Washington,64,70,178,85,Right,18/05/1992,ST,High / Medium,3,2,425.000,4.0,67,65,22,27,28,49,63,64,32,58,47,46,48,83,83,73,62,82,80,51,34,70,70,51,45,25,61,51,8,12,10,7,14,,Northern Ireland
3300,186135,Corry Evans,69,71,173,69,Right,30/07/1990,CDM-CM,Low / High,3,2,800.000,6.0,69,56,71,70,73,74,68,44,72,56,42,69,60,66,71,71,71,70,62,59,59,58,40,40,37,32,30,31,15,13,12,6,15,,Northern Ireland
3490,147899,Cosmin Iosif Moţi,70,70,183,74,Right,03/12/1984,CB-RB,Low / High,2,2,,,55,44,78,75,76,69,72,24,62,35,48,44,42,65,69,77,61,63,68,74,70,33,28,28,39,46,41,41,14,16,9,16,7,,Romania
6555,192613,Costel Pantilimon,76,76,203,96,Right,01/02/1987,GK,Medium / Medium,2,1,3.300.000,45.0,22,15,14,17,19,40,69,12,27,38,19,38,36,48,31,78,22,42,33,34,16,14,11,15,15,12,21,13,79,76,77,68,78,,Romania
6130,180706,Craig Cathcart,72,73,188,73,Right,06/02/1989,CB,Medium / Medium,3,2,1.400.000,20.0,59,47,76,73,77,69,59,27,68,43,39,71,61,65,71,73,58,67,64,70,74,56,29,41,39,39,28,30,9,8,6,12,13,,Northern Ireland
13,20801,Cristiano Ronaldo,93,93,185,80,Right,05/02/1985,LW-LM-ST,High / Low,4,5,61.500.000,350.0,91,93,22,23,31,62,92,93,29,81,82,81,72,91,90,79,62,93,90,94,86,94,95,93,88,77,85,87,14,7,11,15,11,,Portugal
9655,200778,Cyrus Christie,68,72,188,78,Right,30/09/1992,RB,Medium / Medium,2,2,675.000,6.0,65,67,67,65,66,65,67,55,64,59,68,66,60,81,76,72,53,84,82,72,58,47,42,43,54,35,49,41,12,11,15,7,10,,Republic of Ireland
9490,201714,Dániel Böde,71,71,190,90,Right,24/10/1986,ST-CF-CAM,Medium / Medium,5,2,,,72,66,37,36,29,68,68,72,40,73,67,70,69,69,68,92,69,66,71,83,72,72,71,63,55,44,50,74,9,9,16,6,16,,Hungary
5954,176652,Daniel Kolář,75,75,181,77,Right,27/10/1985,CAM-RW-RM-LM,High / Low,4,3,,,73,75,36,52,56,62,71,77,61,76,66,79,79,70,79,71,69,73,77,62,65,72,71,71,66,70,84,67,15,6,8,7,7,,Czech Republic
9468,181247,Daniel Pudil,67,67,185,82,Left,27/09/1985,LB-LWB,Medium / Medium,2,2,375.000,6.0,69,66,68,67,68,82,65,59,62,59,70,69,70,57,85,73,59,60,67,64,63,74,49,68,71,69,61,54,7,13,14,13,9,,Czech Republic
10419,171833,Daniel Sturridge,83,84,188,76,Left,01/09/1989,ST-RW,Medium / Low,2,3,,100.0,81,84,15,12,24,60,82,84,22,74,62,75,62,88,72,73,64,89,78,74,73,83,85,83,62,68,75,76,5,7,15,9,13,,England
204,53302,Daniele De Rossi,82,82,185,83,Right,24/07/1983,CDM,Medium / High,4,2,9.500.000,80.0,78,64,75,82,84,84,80,59,87,72,60,82,80,69,79,84,72,68,69,78,81,81,50,74,62,71,75,74,10,10,7,13,9,,Italy
932,192593,Danijel Subašić,81,81,191,84,Right,27/10/1984,GK,Medium / Medium,2,1,10.000.000,60.0,19,11,15,13,14,31,78,15,20,52,11,24,26,51,32,80,37,54,42,75,13,24,10,14,24,66,23,13,81,82,78,79,83,,Croatia
8984,200888,Danilo Pereira,80,84,188,80,Right,09/09/1991,CDM,Medium / High,3,2,11.500.000,60.0,77,75,78,81,85,89,76,67,85,65,49,79,76,67,84,88,68,68,65,73,81,84,50,67,46,62,43,54,14,9,7,13,15,,Portugal
12936,169595,Danny Rose,78,80,173,72,Left,02/07/1990,LB,High / Medium,3,3,6.000.000,50.0,75,78,78,83,81,76,76,62,74,70,78,74,65,80,80,71,76,83,71,71,60,71,57,69,63,49,57,64,13,10,11,8,13,,England
13302,207998,Danny Ward,65,73,191,88,Right,22/06/1993,GK,Medium / Medium,3,1,475.000,6.0,23,19,19,18,20,25,61,19,22,38,13,30,26,44,22,62,60,42,32,55,13,25,11,16,15,14,20,13,62,67,63,60,69,,Wales
12611,139997,Darijo Srna,80,80,178,72,Right,01/05/1982,RB,High / High,3,3,4.300.000,30.0,81,72,78,77,78,83,78,76,85,83,85,83,87,69,81,72,65,81,71,67,60,83,69,77,86,83,84,72,6,10,10,6,12,,Croatia
7966,169697,Darren Randolph,73,73,185,80,Right,12/05/1987,GK,Medium / Medium,3,1,1.800.000,30.0,33,14,13,14,14,29,66,11,18,38,11,33,34,41,31,60,43,44,50,58,16,36,14,14,15,14,30,16,71,76,71,74,77,,Republic of Ireland
4524,149825,Daryl Murphy,73,73,189,82,Left,15/03/1983,ST,High / Medium,3,2,1.700.000,25.0,72,65,20,22,24,76,69,75,43,58,61,67,55,64,71,87,62,68,64,75,80,77,73,73,66,53,80,65,14,8,15,6,11,,Republic of Ireland
7305,197445,David Alaba,85,88,180,76,Left,24/06/1992,LB-CB-CM,High / Medium,4,3,25.500.000,120.0,84,82,82,84,84,69,84,77,86,78,82,84,80,86,88,67,77,86,85,82,76,83,63,81,78,83,80,68,15,5,7,14,9,,Austria
6791,170290,David Cotterill,70,70,175,71,Right,04/12/1987,RM,Medium / Low,3,3,925.000,20.0,69,69,17,25,32,47,67,64,30,68,75,70,72,77,68,59,80,78,83,71,37,67,68,73,81,76,63,52,12,7,11,13,13,,Wales
1640,168974,David Lafata,74,74,180,72,Right,18/09/1981,ST-CF,High / High,3,2,,,73,61,23,28,26,68,76,86,42,62,58,73,53,57,76,69,72,54,68,80,79,72,83,66,69,68,74,77,15,13,14,11,15,,Czech Republic
4482,163488,David Limberský,75,75,179,79,Right,06/10/1983,LB-RB,High / Medium,4,3,,,74,69,74,77,77,82,69,68,76,73,79,62,70,81,78,81,78,85,62,68,59,76,52,72,63,71,67,64,15,6,8,13,12,,Czech Republic
5351,187489,David Meyler,71,72,189,86,Right,29/05/1989,CM,Medium / High,3,2,1.400.000,20.0,73,68,61,60,68,86,73,65,65,68,66,75,73,54,81,78,58,63,61,70,71,69,61,60,50,54,47,63,15,13,9,14,12,,Republic of Ireland
1490,203604,David Pavelka,68,72,184,74,Right,18/05/1991,CDM-CM,Medium / High,4,2,675.000,6.0,70,67,61,59,61,64,71,63,70,60,61,73,72,64,74,71,65,64,63,66,50,70,42,60,58,60,68,59,16,10,8,11,11,,Czech Republic
162,168542,David Silva,86,86,170,67,Left,08/01/1986,LM-CAM,High / Low,2,4,26.000.000,140.0,91,87,23,29,30,51,84,83,41,93,85,92,85,79,68,56,88,68,93,66,54,71,72,79,83,77,77,80,1,1,1,1,1,,Spain
2865,657,David Vaughan,68,68,168,70,Left,18/02/1983,CDM-CM,Medium / High,3,3,350.000,6.0,73,69,65,67,67,73,67,64,64,70,72,77,75,41,42,57,90,32,59,74,58,70,57,75,69,67,74,61,9,6,9,10,7,,Wales
1286,211117,Dele Alli,77,89,185,76,Right,11/04/1996,CAM-CDM-LM,High / Medium,3,3,8.500.000,45.0,75,78,57,59,64,79,80,81,65,76,63,78,71,76,88,69,58,73,74,59,60,75,75,74,67,46,52,71,11,7,6,9,8,,England
339,221610,Dénes Dibusz,71,75,188,80,Right,16/11/1990,GK,Medium / Medium,3,1,,,20,16,18,18,15,20,68,13,19,18,14,23,22,27,19,36,21,20,21,34,18,19,15,17,14,19,19,16,77,75,68,73,66,,Hungary
10217,197971,Denis Alibec,71,75,187,77,Left,05/01/1991,ST-CF-LW,High / Low,3,4,,,71,70,46,48,52,69,69,70,57,65,64,69,62,72,67,70,63,69,61,65,70,71,73,72,63,66,69,68,6,16,6,12,8,,Romania
8695,187366,Denis Glushakov,74,74,182,82,Right,27/01/1987,CDM-CM-CAM,High / High,4,3,1.900.000,30.0,78,73,76,71,74,66,72,69,73,73,68,73,71,71,80,71,72,67,67,80,55,85,66,72,41,57,75,47,12,10,8,8,9,,Russia
139,229261,Denis Zakaria,60,76,191,76,Right,20/11/1996,CM-CDM,Medium / Medium,3,2,250.000,1.0,67,54,58,57,52,77,58,54,64,58,42,67,60,64,74,76,62,75,64,61,50,50,28,29,35,41,39,28,13,12,12,7,11,,Switzerland
2128,232226,Denys Boyko,78,78,194,82,Right,29/01/1988,GK,Medium / Medium,3,1,5.000.000,45.0,12,6,9,11,12,38,79,9,12,42,11,29,31,49,33,71,28,48,60,75,18,18,8,7,11,14,15,7,79,83,69,68,84,,Ukraine
5072,177388,Dimitri Payet,83,83,175,77,Right,29/03/1987,LM-CAM,High / Medium,4,4,16.000.000,80.0,87,86,29,45,48,55,76,79,42,88,83,86,85,79,71,76,78,75,78,48,59,77,75,83,88,88,76,79,14,11,15,9,12,,France
9290,213135,Divock Origi,76,83,185,75,Right,18/04/1995,ST-LW-RW,High / Medium,3,4,5.500.000,50.0,76,78,30,18,24,52,76,77,28,71,69,75,59,86,72,79,62,85,77,70,70,77,76,69,54,40,55,70,11,15,13,16,15,,Belgium
4095,187492,Dmitriy Kombarov,74,74,184,73,Left,22/01/1987,LB-LWB,High / Low,3,3,1.900.000,30.0,78,71,64,63,69,77,78,69,74,77,79,76,77,75,83,59,72,80,76,73,75,69,68,76,73,78,85,53,9,9,12,10,13,,Russia
1936,147627,Dmitriy Torbinskiy,71,71,172,60,Left,28/04/1984,CM-CDM-CAM,Medium / High,3,3,925.000,15.0,73,70,68,69,67,83,72,68,64,69,70,75,67,75,78,43,85,79,86,78,59,70,64,67,62,56,71,67,14,11,13,11,13,,Russia
12157,175943,Dries Mertens,81,81,169,61,Right,06/05/1987,CAM-LW,High / Low,4,4,12.000.000,70.0,87,87,30,40,42,59,72,76,36,80,78,80,74,92,76,42,92,86,93,60,35,78,74,80,80,77,78,70,10,7,10,8,4,,Belgium
1422,189536,Duje Čop,72,74,184,73,Right,01/02/1990,ST,High / Medium,3,3,1.900.000,20.0,73,68,15,30,28,64,78,75,22,66,58,69,57,67,63,66,61,63,70,56,62,69,79,70,74,76,77,75,13,12,12,16,12,,Croatia
8319,183277,Eden Hazard,88,90,173,74,Right,07/01/1991,LM,High / Medium,4,4,46.000.000,150.0,90,94,25,22,27,54,86,84,41,86,80,85,82,93,74,63,90,87,92,59,57,79,81,82,82,79,86,79,8,11,12,6,8,,Belgium
10422,178311,Eder,79,79,179,74,Right,15/11/1986,CF-ST-LW,High / Medium,4,3,7.000.000,70.0,83,81,18,26,20,60,76,80,24,77,70,74,50,86,72,55,82,84,84,53,63,80,80,76,72,76,75,76,10,8,12,11,9,,Italy
8222,163873,Eduardo,75,75,187,84,Right,19/09/1982,GK,Medium / Medium,3,1,,,32,11,13,20,20,28,70,11,24,42,13,22,32,46,20,72,58,44,60,75,12,38,20,18,11,14,37,11,78,75,74,71,76,,Portugal
5205,190531,Eliaquim Mangala,79,82,187,84,Left,13/02/1991,CB,Medium / High,4,2,8.000.000,60.0,66,56,75,84,79,90,74,39,75,47,59,61,59,70,77,86,57,78,62,86,83,72,27,41,47,48,46,44,10,10,13,6,14,,France
12058,2492,Eliseu,77,77,175,75,Left,01/10/1983,LB,Medium / Medium,3,3,3.200.000,45.0,75,71,73,82,77,87,76,72,75,59,75,69,64,78,84,80,71,85,75,73,66,89,60,88,67,69,64,63,15,12,15,15,15,,Portugal
4803,210864,Elseid Hysaj,77,81,182,70,Right,02/02/1994,RB-LB,Medium / Medium,4,2,5.500.000,45.0,70,70,76,80,80,78,78,60,78,54,74,70,68,79,85,69,69,84,76,69,66,66,45,41,32,30,40,35,9,12,6,14,11,,Albania
12362,192841,Emanuele Giaccherini,77,77,167,60,Right,05/05/1985,LW-CM,High / Medium,3,3,4.700.000,45.0,80,82,54,66,62,66,74,76,66,76,78,78,70,79,76,54,93,69,89,55,56,72,64,80,74,72,69,74,14,14,11,14,7,,Italy
6286,208448,Emil Forsberg,75,80,179,78,Right,23/10/1991,LM-CAM,Medium / Medium,4,4,4.000.000,25.0,81,79,23,17,26,62,73,78,43,77,68,75,65,81,72,62,83,72,82,60,45,72,70,68,69,69,64,67,15,13,7,9,11,,Sweden
1690,133249,Emil Hallfreðsson,75,75,185,83,Left,29/06/1984,CM,High / High,3,2,2.400.000,25.0,78,74,66,70,74,76,70,68,76,78,72,80,78,68,71,79,69,68,64,70,68,82,51,76,74,72,69,64,8,7,8,13,14,,Iceland
6433,187915,Emir Kujović,73,73,194,88,Right,22/06/1988,ST,Medium / Low,4,2,2.200.000,30.0,72,63,30,15,34,54,67,79,21,51,33,63,54,51,78,89,32,64,40,43,74,77,79,68,66,70,69,70,9,16,13,13,9,,Sweden
9788,208333,Emre Can,75,85,188,82,Right,12/01/1994,CM-CDM-CB,Medium / Medium,4,3,4.700.000,35.0,75,76,71,76,77,76,73,70,76,75,73,78,78,68,79,83,59,79,75,65,70,78,55,70,68,65,60,61,13,14,8,8,11,,Germany
337,231240,Emre Mor,61,76,167,63,Left,24/07/1997,ST-RW,Medium / Low,3,2,325.000,1.0,80,80,19,28,27,46,47,57,28,43,46,47,35,80,51,49,75,77,85,55,41,65,62,58,43,33,45,56,13,13,10,7,6,,Turkey
6613,179972,Eren Derdiyok,72,72,191,92,Right,12/06/1988,ST,Medium / Medium,3,3,1.600.000,20.0,69,68,12,18,31,43,74,73,26,71,64,69,63,49,50,91,60,53,58,65,75,74,75,72,52,64,67,73,7,6,14,9,12,,Switzerland
13336,202149,Ergys Kace,71,79,161,58,Right,08/07/1993,CM-CDM,High / High,4,2,1.700.000,15.0,73,68,70,64,69,81,70,65,71,68,60,73,71,72,85,56,90,74,73,45,46,71,60,71,65,68,56,63,8,7,16,15,12,,Albania
2208,213629,Erick Pulgar,68,74,186,70,Right,15/01/1994,CDM-CM,Medium / High,2,2,725.000,6.0,68,56,60,68,68,76,66,58,68,64,58,70,66,69,78,69,68,69,69,80,69,72,45,62,24,29,48,34,15,12,12,11,11,,England
9077,202335,Eric Dier,76,85,188,83,Right,15/01/1994,CDM-CB,Medium / High,3,2,5.000.000,45.0,67,60,77,76,80,80,67,53,79,64,67,74,76,55,81,84,40,71,56,71,83,83,44,72,54,77,70,52,13,11,14,6,9,,England
12960,206022,Erik Johansson,71,72,192,89,Right,30/12/1988,CB,Medium / Medium,2,2,1.200.000,20.0,63,53,76,67,70,69,72,44,75,49,41,61,62,50,68,80,43,58,59,75,70,68,41,47,47,46,49,42,10,13,15,14,11,,Sweden
13044,199283,Ermir Lenjani,69,70,175,65,Left,05/08/1989,LB,High / Medium,3,2,700.000,6.0,67,67,67,66,72,81,65,65,63,64,75,69,62,78,75,54,59,79,75,75,54,69,62,63,63,55,60,61,14,8,6,10,16,,Albania
26,189296,Etrit Berisha,74,75,194,92,Left,10/03/1989,GK,Medium / Medium,2,1,2.300.000,35.0,17,12,14,11,10,30,70,12,22,42,11,19,26,28,39,64,30,28,33,57,12,24,13,15,13,12,22,11,75,79,70,63,79,,Albania
6068,183346,Fabian Frei,75,76,183,77,Right,08/01/1989,CM-CDM-CAM,High / High,4,2,3.300.000,30.0,74,70,66,70,70,61,63,76,68,82,74,75,77,73,87,72,69,68,72,68,69,80,68,74,71,65,62,76,11,12,15,8,14,,Switzerland
11693,210047,Fabian Schär,77,83,186,85,Right,20/12/1991,CB,High / High,4,2,6.000.000,35.0,67,63,72,77,79,72,74,61,75,70,65,75,76,68,75,82,61,65,67,86,83,78,55,67,65,66,82,53,10,8,9,11,15,,Switzerland
1734,212404,Federico Bernardeschi,77,83,183,75,Left,16/02/1994,RM-LM,High / Medium,3,4,7.000.000,30.0,83,83,34,37,34,52,76,72,34,76,74,76,66,83,80,62,68,83,83,54,48,74,66,74,73,70,68,70,13,14,15,10,12,,Italy
1051,139668,Federico Marchetti,79,79,188,83,Left,07/02/1983,GK,Medium / Medium,3,1,5.500.000,60.0,20,11,19,14,12,36,80,12,22,45,13,36,35,55,34,62,61,50,60,84,12,20,17,13,14,12,22,12,78,82,74,66,86,,Italy
6848,208631,Filip Starzyński,69,72,184,68,Right,27/05/1991,CAM-CDM,Medium / Medium,3,3,925.000,4.0,73,72,60,36,56,33,61,68,67,77,76,76,71,45,65,65,63,41,61,66,35,69,56,74,75,77,69,69,7,15,9,9,16,,Poland
6580,161857,Florian Klein,73,73,182,72,Right,17/11/1986,RB-RM-LB,High / High,3,3,1.600.000,30.0,71,73,73,73,74,74,69,62,69,63,74,72,65,79,87,66,74,79,76,63,58,69,53,60,70,66,69,54,12,8,13,9,6,,Austria
1261,225018,Florin Andone,72,80,182,78,Right,11/04/1993,ST,High / Medium,3,3,2.300.000,15.0,68,66,17,18,12,63,79,78,16,53,55,58,44,75,81,75,69,78,79,76,65,81,72,60,50,47,60,61,15,8,6,11,6,,Romania
7444,198067,François Moubandje,71,73,180,74,Left,21/06/1990,LB-CB,Medium / Medium,3,2,1.200.000,15.0,69,68,77,72,77,74,70,68,73,57,63,70,67,69,72,75,67,68,67,84,64,60,39,39,57,48,56,39,11,15,14,13,6,,Switzerland
7020,172203,Fraser Forster,76,76,201,90,Right,17/03/1988,GK,Medium / Medium,5,1,3.100.000,45.0,33,20,13,12,13,43,67,13,22,44,19,27,19,32,29,75,42,35,32,59,13,36,13,12,10,19,22,19,77,75,77,74,82,,England
11476,203780,Frédéric Veseli,61,65,184,80,Right,20/11/1992,RB-CB-LB,Medium / Medium,3,2,180.000,1.0,63,49,65,64,65,68,58,38,55,46,44,57,47,70,58,70,64,75,61,68,61,29,20,24,39,35,45,19,15,11,13,10,15,,Albania
4774,201326,Gabriel Torje,74,76,168,71,Right,22/11/1989,LM-RM,High / Low,4,3,2.900.000,4.0,77,78,29,35,38,66,78,80,35,60,73,67,63,83,71,45,91,82,84,71,62,75,65,76,78,79,73,66,11,14,9,15,12,,Romania
10372,173731,Gareth Bale,87,88,183,74,Left,16/07/1989,RW,High / Medium,3,4,38.000.000,150.0,85,87,60,62,65,77,84,83,59,77,84,84,80,93,90,79,65,95,75,67,76,87,81,88,87,85,76,76,5,15,15,11,6,,Wales
8056,109852,Gareth McAuley,75,75,195,89,Right,05/12/1979,CB,Low / High,3,2,500.000,15.0,66,27,77,69,81,79,75,45,76,52,49,53,51,52,67,79,33,34,34,67,81,44,50,30,39,33,49,23,10,6,11,12,13,,Northern Ireland
2269,164468,Gary Cahill,82,82,193,86,Right,19/12/1985,CB,Medium / Medium,3,2,11.000.000,90.0,64,58,83,86,85,78,84,45,85,56,28,65,61,69,68,79,51,70,67,82,86,63,56,66,48,27,53,47,5,5,12,9,12,,England
1311,158438,Gelson Fernandes,76,76,179,70,Right,02/09/1986,CDM-CM,Medium / High,3,2,3.000.000,45.0,69,70,77,75,80,87,72,63,78,68,65,77,70,69,92,73,66,69,67,70,63,69,58,58,57,55,50,61,10,14,6,13,13,,Switzerland
5290,208813,George Williams,64,76,172,73,Right,07/09/1995,LM-CM,Medium / Medium,3,2,,1.0,67,69,18,11,20,27,60,64,27,41,56,61,55,82,71,49,73,71,84,52,45,52,61,52,51,26,64,50,16,12,12,11,6,,Wales
2510,192087,Georgiy Schennikov,75,78,180,75,Left,27/04/1991,LB,Medium / Medium,3,2,3.100.000,30.0,74,70,77,76,78,79,71,55,74,63,73,69,68,84,73,67,73,79,79,75,68,49,50,51,68,62,59,43,8,16,16,14,15,,Russia
10143,210129,Gergő Lovrencsics,70,70,177,79,Right,01/09/1988,RM-LM,High / Medium,5,3,1.000.000,20.0,70,70,54,42,54,61,68,59,61,64,68,66,64,90,80,71,68,88,73,85,65,82,63,71,69,46,70,58,15,7,11,13,8,,Hungary
11726,1179,Gianluigi Buffon,84,84,192,91,Right,28/01/1978,GK,Medium / Medium,2,1,6.500.000,90.0,25,25,10,11,11,38,76,14,20,50,13,37,35,49,39,63,49,43,55,75,13,20,15,13,20,13,22,17,89,85,79,71,83,,Italy
1693,138956,Giorgio Chiellini,86,86,187,86,Left,14/08/1984,CB,Low / High,2,2,20.000.000,140.0,49,52,90,90,90,88,80,29,87,46,52,49,49,69,69,90,69,79,61,89,84,79,33,49,56,31,50,45,4,3,3,2,3,,Italy
2451,163303,Glenn Whelan,76,76,180,80,Right,13/01/1984,CDM-CM,Medium / High,4,3,2.400.000,35.0,73,66,74,71,76,82,78,61,80,66,71,77,70,32,79,75,66,53,69,68,64,70,65,67,70,75,65,59,16,10,13,16,11,,Republic of Ireland
9890,143699,Gökhan Gönül,76,76,175,73,Right,04/01/1985,RB,High / High,3,3,2.700.000,35.0,77,79,73,77,75,74,78,76,76,72,75,74,68,84,82,65,82,79,79,78,60,70,58,65,65,48,67,57,13,8,13,10,10,,Turkey
12797,199503,Granit Xhaka,82,86,185,82,Left,27/09/1992,CM,Medium / Medium,4,3,18.500.000,50.0,80,70,71,69,75,89,86,78,76,86,68,85,89,48,79,76,62,54,55,33,62,88,49,85,68,70,59,50,7,7,8,11,13,,Switzerland
5202,164376,Graziano Pellè,78,78,194,84,Right,15/07/1985,ST,High / Medium,4,2,6.000.000,45.0,76,64,19,33,33,73,83,83,25,69,44,68,64,54,76,91,34,55,64,72,91,81,81,69,56,40,76,79,13,15,12,14,9,,Italy
10051,197242,Grzegorz Krychowiak,82,84,186,85,Right,29/01/1990,CDM,Medium / High,3,2,14.500.000,80.0,77,63,75,72,87,89,80,52,85,73,59,81,85,66,79,92,52,73,59,75,83,81,42,70,46,62,78,40,6,15,14,8,7,,Poland
12413,180714,Guilherme,78,78,197,78,Right,12/12/1985,GK,Medium / Medium,2,1,5.000.000,35.0,21,16,14,18,16,35,78,13,15,47,13,39,33,58,32,62,31,59,62,63,13,22,11,16,19,12,12,13,78,82,72,71,83,,Russia
8797,208128,Hakan Çalhanoğlu,79,84,178,76,Right,08/02/1994,CAM-LM-CM,Medium / Medium,5,4,10.000.000,60.0,80,78,32,45,42,57,79,75,44,80,77,80,77,75,68,53,76,73,76,50,53,87,74,89,92,94,76,73,6,9,14,11,10,,Turkey
12304,166093,Hakan Balta,74,74,184,80,Left,23/03/1983,CB-LB,Medium / High,3,2,1.400.000,25.0,71,65,77,72,77,68,76,59,78,65,74,75,67,54,72,72,48,55,59,68,75,83,63,75,49,67,63,68,8,14,8,10,7,,Turkey
6903,184480,Hal Robson-Kanu,66,67,184,83,Left,21/05/1989,LM-ST,Medium / Medium,3,3,500.000,5.0,67,71,40,27,35,61,61,60,32,59,66,63,57,72,71,76,58,77,57,60,54,74,66,68,61,35,73,65,13,16,7,10,13,,Wales
3981,206379,Hannes Þór Halldórsson,68,68,193,87,Right,27/04/1984,GK,Medium / Medium,2,1,475.000,1.0,16,10,11,15,18,21,66,9,13,22,18,36,26,25,31,65,59,48,25,66,9,48,8,12,11,13,41,9,66,71,62,59,74,,Iceland
4663,193408,Haris Seferović,76,80,185,85,Left,22/02/1992,ST-LM,High / High,2,3,5.000.000,35.0,76,72,25,40,42,80,79,75,35,65,67,69,59,65,74,80,57,76,64,70,77,81,78,77,60,62,66,76,9,9,13,9,16,,Switzerland
3216,202126,Harry Kane,82,88,188,65,Right,28/07/1993,ST,High / High,3,3,20.000.000,80.0,81,77,41,38,36,74,84,84,35,72,69,75,63,69,84,82,62,77,74,67,81,82,85,78,71,71,82,70,14,8,10,11,11,,England
8625,199417,Harun Tekin,72,72,187,78,Right,17/06/1989,GK,Medium / Medium,1,1,1.300.000,20.0,23,14,14,12,14,26,67,11,16,42,14,23,17,40,22,43,38,37,39,58,11,21,10,12,12,11,18,11,72,77,67,66,78,,Turkey
8712,226538,Haukur Heiðar Hauksson,65,69,187,79,Right,01/09/1991,RB-LB,High / Medium,2,2,,4.0,60,61,61,63,65,72,60,48,64,47,64,58,60,68,80,76,56,76,65,61,52,65,35,42,62,42,37,44,13,12,12,7,7,,Iceland
11341,193247,Heinz Lindner,70,72,187,80,Right,17/07/1990,GK,Medium / Medium,3,1,1.000.000,15.0,19,11,10,19,9,32,69,18,22,33,11,24,15,47,35,67,60,49,54,75,13,21,12,16,17,17,19,13,67,74,62,64,77,,Austria
8812,208597,Hjörtur Hermannsson,64,76,189,81,Right,08/02/1995,CB,Medium / Medium,3,2,500.000,3.0,62,56,68,61,63,61,46,23,62,51,22,64,64,66,61,75,52,62,60,74,66,32,17,19,25,22,31,24,14,13,14,14,10,,Iceland
13447,167948,Hugo Lloris,85,85,188,78,Left,26/12/1986,GK,Medium / Medium,1,1,21.000.000,120.0,34,10,12,18,10,31,84,10,27,30,13,27,31,65,41,43,54,63,55,74,10,23,10,14,11,10,40,11,81,87,82,68,88,,France
10805,148119,Igor Akinfeev,79,79,186,82,Right,08/04/1986,GK,Medium / Medium,3,1,6.000.000,60.0,22,15,17,13,13,24,72,11,12,62,19,23,23,51,35,72,45,50,53,62,18,24,13,13,19,13,10,10,78,78,74,77,83,,Russia
7115,187347,Igor Smolnikov,80,80,178,70,Right,08/08/1988,RB,Medium / Medium,3,2,8.500.000,60.0,76,73,83,81,78,65,80,78,71,78,80,82,79,84,83,68,76,90,80,77,69,67,66,57,49,46,41,57,8,7,12,10,15,,Russia
5090,228266,Ingvar Jónsson,59,61,189,82,Right,18/10/1989,GK,Medium / Medium,2,1,120.000,1.0,21,14,21,17,14,17,52,18,23,47,12,27,25,42,51,55,54,49,38,58,14,20,20,17,16,13,24,14,59,66,58,58,59,,Iceland
4088,189930,İsmail Köybaşı,73,74,177,70,Left,10/07/1989,LB,High / Medium,2,2,1.900.000,25.0,75,75,64,72,75,72,70,70,73,64,76,68,66,82,79,62,77,82,79,69,60,81,56,72,76,72,35,60,8,6,13,15,7,,Turkey
5063,181458,Ivan Perišić,81,82,186,81,Right,02/02/1989,LM-RM-CAM,High / Medium,5,4,13.500.000,70.0,81,82,26,34,35,59,76,81,42,79,83,79,76,83,82,75,67,84,74,83,78,83,76,82,73,76,76,83,9,6,7,10,6,,Croatia
410,168651,Ivan Rakitić,85,85,184,78,Right,10/03/1988,CM,Medium / Medium,3,3,24.000.000,130.0,87,83,52,53,65,67,79,80,69,87,81,86,92,69,78,63,66,67,72,52,49,84,82,87,87,84,78,80,5,14,11,12,9,,Croatia
11601,201139,Ivan Strinić,73,73,186,78,Left,17/07/1987,LB,Medium / Medium,4,2,1.700.000,35.0,75,71,77,72,73,71,73,70,75,59,74,69,66,76,77,73,73,77,73,72,56,68,48,61,52,55,61,50,13,10,8,14,10,,Croatia
6985,189461,Jack Wilshere,81,84,172,68,Left,01/01/1992,CM-CDM-CAM,Medium / Medium,2,3,15.000.000,70.0,84,84,61,65,63,83,80,80,61,85,73,84,83,79,82,66,87,74,83,67,58,75,64,73,80,72,65,64,9,6,15,15,11,,England
696,187498,Jakob Jantscher,70,71,178,70,Right,08/01/1989,LM-CAM-LW,High / Medium,4,3,1.100.000,10.0,71,72,33,25,31,66,65,64,59,66,82,64,65,76,76,44,72,76,81,56,50,71,60,70,82,71,69,67,12,9,7,12,7,,Austria
967,164994,Jakub Błaszczykowski,78,78,176,77,Right,14/12/1985,RM,Medium / Medium,4,3,6.000.000,45.0,81,82,56,57,52,62,70,76,54,78,79,79,73,80,69,69,80,80,81,64,48,77,68,70,75,67,70,80,13,14,8,9,15,,Poland
5033,153004,Jakub Wawrzyniak,67,67,188,85,Left,07/07/1983,LB-CB,Medium / Medium,3,2,325.000,2.0,62,67,64,71,67,75,61,61,66,55,67,62,62,65,84,84,59,68,64,47,70,58,31,57,54,37,44,48,10,11,8,9,13,,Poland
8335,186130,James Chester,72,73,181,79,Right,23/01/1989,CB-LB,Medium / Medium,3,2,1.400.000,20.0,63,59,73,76,76,72,67,44,68,49,54,68,61,69,65,74,71,77,72,83,70,36,33,31,47,44,52,27,14,11,12,12,13,,Wales
8114,19292,James Collins,75,75,193,90,Right,23/08/1983,CB,Low / High,2,2,1.900.000,25.0,59,38,74,77,78,84,72,34,75,58,38,59,65,51,67,85,34,34,33,62,81,70,38,51,29,64,51,36,15,15,12,10,11,,Wales
5871,188253,James McCarthy,80,83,180,72,Right,12/11/1990,CDM-CM,Medium / High,4,3,11.000.000,60.0,77,78,81,78,79,79,75,69,79,75,68,82,83,75,91,78,71,69,66,66,63,67,65,73,64,64,60,61,10,12,11,8,13,,Republic of Ireland
11800,198489,James McClean,73,74,180,70,Left,22/04/1989,LM-RM-LW,High / High,2,4,2.400.000,30.0,73,78,59,60,56,78,71,73,51,70,73,69,65,74,79,70,73,79,75,72,71,69,67,65,68,66,65,59,15,6,16,16,15,,Republic of Ireland
2073,138412,James Milner,80,80,176,70,Right,04/01/1986,CM-RM-LM,High / High,4,3,9.500.000,60.0,78,77,67,70,68,71,84,77,72,78,86,85,82,72,91,71,73,70,71,64,69,87,68,81,81,79,81,79,1,1,1,1,1,,England
7554,208830,Jamie Vardy,79,79,178,73,Right,11/01/1987,ST,High / High,3,3,7.500.000,60.0,75,76,54,56,58,91,82,83,51,69,63,66,48,91,90,69,79,93,76,70,64,84,82,68,52,48,76,75,15,15,14,7,11,,England
10607,164467,Jamie Ward,71,71,165,59,Right,12/05/1986,LW-RW,High / Medium,4,3,1.200.000,15.0,74,75,44,29,34,80,73,68,48,71,65,66,56,75,85,40,91,77,83,71,45,73,66,70,48,65,67,63,9,13,15,12,11,,Northern Ireland
5479,172871,Jan Vertonghen,82,82,189,86,Left,24/04/1987,CB,High / Medium,3,2,11.500.000,90.0,74,66,81,81,85,83,80,65,83,62,68,75,74,69,79,81,55,72,68,80,82,86,60,68,58,73,68,52,12,6,10,9,7,,Belgium
9461,112244,Jaroslav Plašil,75,75,182,72,Right,05/01/1982,CM-CDM,Medium / Medium,5,3,1.800.000,20.0,80,75,55,53,61,63,75,70,59,82,70,84,80,51,54,55,68,51,65,61,65,68,61,71,74,74,69,63,7,6,8,8,8,,Czech Republic
8411,105308,Jean-François Gillet,73,73,181,80,Left,31/05/1979,GK,Medium / Medium,3,1,925.000,15.0,25,11,17,12,14,38,77,11,21,34,9,38,33,39,31,55,60,39,62,73,16,39,12,18,11,20,23,14,72,72,71,70,75,,Belgium
1487,200478,Jeff Hendrick,71,76,185,79,Right,31/01/1992,CM,Medium / Medium,3,2,1.600.000,15.0,68,66,63,65,70,63,70,63,73,72,46,76,76,67,73,71,63,69,70,66,62,66,65,61,59,58,51,61,9,12,6,9,14,,Republic of Ireland
2373,183907,Jérôme Boateng,87,87,192,90,Right,03/09/1988,CB,Medium / Medium,4,2,27.500.000,170.0,73,67,84,91,90,82,83,47,84,74,69,75,81,74,75,90,54,83,58,76,87,79,34,58,56,31,46,53,6,7,12,15,5,,Germany
9227,189207,Jimmy Durmaz,75,76,180,70,Left,22/03/1989,LM-RM-LW-RW,High / Medium,3,4,3.300.000,30.0,76,79,30,30,44,80,70,64,22,70,77,73,74,84,73,44,81,84,83,53,22,82,66,78,76,77,45,70,12,8,14,9,15,,Sweden
11212,203606,Jiří Skalák,68,74,176,76,Right,12/03/1992,LM-RM,High / Medium,3,3,875.000,6.0,71,74,12,10,26,63,61,65,56,61,72,64,58,78,59,67,78,71,76,72,60,68,62,61,71,70,70,65,8,11,8,12,15,,Czech Republic
4226,212814,João Mário,80,86,179,73,Right,19/01/1993,RM-CM,Medium / Medium,4,3,14.000.000,35.0,84,82,65,60,75,61,82,80,77,78,78,84,77,75,87,69,70,77,78,63,55,77,72,71,73,67,59,68,8,6,15,8,8,,Portugal
9913,162347,João Moutinho,83,83,170,61,Right,08/09/1986,CAM-CDM,High / Medium,4,3,16.500.000,100.0,84,81,67,68,75,77,84,78,75,84,78,86,83,75,91,58,84,67,82,79,68,77,73,82,82,79,70,77,13,13,15,15,13,,Portugal
12623,184716,Joe Allen,76,78,168,62,Right,14/03/1990,CM-CDM,Medium / Medium,3,3,4.300.000,60.0,77,77,60,66,74,63,82,67,74,72,68,84,75,67,79,56,91,63,79,78,44,63,58,60,58,50,52,38,6,10,13,12,8,,Wales
11260,150724,Joe Hart,84,84,196,91,Right,19/04/1987,GK,Medium / Medium,3,1,18.000.000,130.0,20,23,14,13,14,28,80,14,25,42,14,32,35,59,28,61,32,60,50,72,10,65,14,19,17,13,68,19,84,84,81,75,88,,England
11259,165190,Joe Ledley,74,74,183,73,Left,23/01/1987,CM-CDM,Medium / High,2,3,2.300.000,30.0,73,71,72,65,71,70,77,69,68,78,68,77,72,68,87,78,72,69,64,79,73,70,64,67,72,53,71,53,10,13,13,8,13,,Wales
3867,162893,Johan Djourou,76,76,191,87,Right,18/01/1987,CB,Medium / Medium,3,2,3.000.000,45.0,64,60,75,73,78,74,76,44,78,46,46,71,68,65,55,87,37,74,51,66,78,42,35,28,42,39,48,34,7,16,15,13,14,,Switzerland
5286,199602,John Guidetti,74,80,185,79,Right,15/04/1992,ST,High / Medium,3,3,3.500.000,25.0,77,71,20,25,26,75,75,74,34,60,48,70,53,63,63,80,58,63,65,68,64,85,75,76,68,78,81,72,6,12,13,14,11,,Sweden
11373,3484,John O'Shea,75,75,190,84,Right,30/04/1981,CB,Medium / High,3,2,925.000,20.0,68,46,77,76,79,78,74,32,77,55,63,61,58,34,66,77,54,32,51,61,77,49,29,23,55,35,47,32,10,9,14,13,14,,Republic of Ireland
10521,203574,John Stones,77,87,188,75,Right,28/05/1994,CB,High / Medium,3,2,7.000.000,45.0,76,66,79,81,80,70,76,48,75,59,62,79,68,74,76,78,57,74,63,72,74,46,29,41,26,29,37,27,10,7,15,11,8,,England
3611,212992,Jón Daði Böðvarsson,67,73,190,85,Right,25/05/1992,ST,Medium / Medium,4,3,725.000,7.0,66,67,27,29,26,54,60,64,22,50,59,61,59,79,76,80,53,76,65,70,65,67,68,69,63,56,62,63,6,13,12,7,14,,Iceland
11408,208334,Jonas Hector,78,80,185,75,Left,27/05/1990,LB-CDM,Medium / Medium,3,3,6.000.000,35.0,78,77,74,79,78,71,77,58,80,68,75,77,72,76,84,74,68,77,72,61,71,69,55,61,65,65,62,51,12,9,10,10,14,,Germany
354,213331,Jonathan Tah,76,88,194,98,Right,11/02/1996,CB,Medium / Medium,4,2,5.500.000,35.0,62,54,76,74,78,67,74,27,72,60,35,71,64,65,60,91,34,71,49,71,78,44,19,25,30,27,38,24,9,11,8,7,14,,Germany
8668,138436,Jonathan Walters,74,74,183,79,Right,20/09/1983,ST-RM,High / High,3,3,2.200.000,30.0,73,72,61,44,56,81,74,75,61,69,75,72,61,67,91,84,68,68,76,76,74,73,75,69,64,56,72,67,10,8,14,7,6,,Republic of Ireland
2061,198776,Jonathan Williams,72,79,168,60,Right,09/10/1993,CAM,High / Medium,3,3,2.200.000,15.0,76,80,48,36,38,55,61,68,39,72,64,72,66,78,77,57,90,73,91,67,49,61,65,60,47,43,60,51,10,8,16,11,9,,Wales
1626,183711,Jordan Henderson,79,81,182,67,Right,17/06/1990,CM-CDM-RM,High / High,3,3,8.500.000,60.0,78,74,68,70,75,78,79,74,72,80,81,83,81,76,93,74,71,73,74,81,65,75,67,71,80,71,64,72,9,7,13,7,13,,England
10532,207537,Jordan Lukaku,72,80,183,77,Left,25/07/1994,LB,High / Medium,4,3,1.900.000,10.0,72,74,66,71,72,74,74,61,64,65,70,65,64,85,79,83,74,87,75,85,62,68,54,56,53,46,53,57,15,8,7,14,9,,Belgium
11794,189332,Jordi Alba,84,85,170,68,Left,21/03/1989,LB,High / Medium,3,3,19.500.000,130.0,82,80,79,82,84,75,81,77,82,68,82,77,70,93,90,67,87,92,89,81,60,64,73,66,77,64,59,60,6,13,15,13,13,,Spain
4978,189480,Josef Šural,72,74,184,78,Right,30/05/1990,LW-CAM-RW-ST,High / Medium,3,3,,,77,75,25,26,25,65,68,72,42,73,74,67,55,73,70,64,69,74,72,67,62,64,72,61,74,61,58,64,8,16,11,8,11,,Czech Republic
4390,186562,Josh Magennis,63,65,188,92,Right,15/08/1990,ST,High / Medium,3,2,300.000,1.0,62,62,48,48,50,68,57,52,52,56,62,60,58,81,74,91,44,80,59,72,66,66,61,56,42,28,61,44,16,15,12,8,8,,Northern Ireland
5360,212622,Joshua Kimmich,74,85,176,70,Right,08/02/1995,CM-CB-CDM,Medium / Medium,3,3,4.000.000,30.0,77,74,66,68,70,71,75,67,76,75,61,78,75,68,74,61,78,67,83,73,62,62,48,52,66,61,44,50,15,8,15,7,15,,Germany
11771,146760,Juanfran,81,81,180,72,Right,09/01/1985,RB,High / Medium,3,3,8.500.000,70.0,79,77,80,77,83,78,82,68,77,72,83,73,66,79,91,74,62,89,76,68,53,68,56,55,80,59,66,49,15,11,14,10,7,,Spain
13343,189606,Julian Baumgartlinger,77,77,183,82,Right,02/01/1988,CDM,Medium / High,3,2,4.000.000,45.0,74,64,76,74,80,83,76,60,80,64,63,77,71,69,92,79,66,72,66,78,69,73,39,39,47,49,59,50,9,9,13,10,14,,Austria
47,202166,Julian Draxler,82,85,187,75,Right,20/09/1993,CAM-LM-RM,Medium / Low,5,4,18.500.000,70.0,85,87,25,26,35,48,83,79,36,81,78,85,75,78,69,67,75,77,83,76,65,84,77,85,78,72,63,80,13,11,13,5,8,,Germany
10944,222028,Julian Weigl,75,84,186,71,Right,08/09/1995,CDM-CM,Medium / Medium,3,2,3.500.000,30.0,76,71,61,71,70,64,79,54,78,75,58,85,79,73,78,59,64,71,73,57,59,58,47,55,48,47,50,52,11,6,14,16,7,,Germany
4697,190875,Juraj Kucka,77,77,186,84,Right,26/02/1987,CM,Medium / High,3,2,4.700.000,60.0,78,75,68,72,76,80,80,76,76,74,70,78,74,69,88,90,50,69,74,78,74,85,65,78,68,70,71,68,15,14,8,9,8,,Slovakia
3511,190547,Kamil Glik,82,82,190,80,Right,03/02/1988,CB,Low / Medium,2,2,12.000.000,70.0,59,51,85,84,85,86,76,24,86,23,29,59,59,59,69,88,55,65,33,79,86,57,11,20,35,26,39,17,8,10,14,5,10,,Poland
8109,177922,Kamil Grosicki,75,75,180,78,Right,08/06/1988,RW-RM,Medium / Medium,3,3,3.000.000,35.0,75,74,15,20,29,43,70,75,48,70,75,70,69,85,62,64,70,88,80,62,69,79,75,74,64,55,69,69,14,16,10,15,11,,Poland
9330,166851,Kári Árnason,68,68,190,79,Right,13/10/1982,CB,Medium / Medium,2,2,350.000,6.0,53,49,67,58,62,79,66,41,78,60,48,57,62,33,56,84,58,31,38,80,68,70,43,53,52,51,52,43,13,12,15,10,7,,Iceland
4758,211408,Karol Linetty,73,83,176,74,Right,02/02/1995,CDM-CAM,High / High,3,2,3.000.000,20.0,69,67,63,67,76,79,73,69,77,73,57,73,70,74,82,83,79,74,75,82,57,64,60,61,56,35,50,37,14,13,8,11,6,,Poland
3876,172939,Keiren Westwood,75,75,188,86,Left,23/10/1984,GK,Medium / Medium,3,1,2.400.000,25.0,22,20,20,19,20,38,66,15,22,36,20,28,23,50,25,72,48,45,58,61,20,24,11,20,11,12,31,14,75,79,73,72,80,,Republic of Ireland
918,192985,Kevin De Bruyne,86,89,181,76,Right,28/06/1991,RM-CAM-LM,High / Medium,5,4,35.500.000,130.0,86,85,30,40,39,68,87,83,52,88,90,88,82,76,85,73,75,78,78,65,53,84,82,85,78,77,77,82,10,15,13,5,13,,Belgium
7777,209997,Kevin Wimmer,78,83,187,85,Left,15/11/1992,CB,Medium / Medium,3,2,7.000.000,45.0,67,63,82,78,81,76,79,30,79,59,52,74,70,64,65,80,61,70,59,73,75,40,21,25,24,28,35,27,12,13,10,15,11,,Austria
6416,31831,Kim Källström,75,75,185,83,Left,24/08/1982,CDM-CM,High / Medium,3,3,1.700.000,30.0,83,70,58,65,65,75,71,69,71,82,83,83,85,54,76,80,63,51,65,75,65,83,70,80,85,80,70,79,15,9,10,7,12,,Sweden
12385,213345,Kingsley Coman,78,86,178,71,Right,13/06/1996,LW-ST-RW,Medium / Low,3,3,8.500.000,50.0,79,84,11,15,15,32,72,72,23,67,73,76,59,93,72,54,83,93,87,75,52,75,70,73,81,70,70,76,3,5,3,5,5,,France
1784,193747,Koke,83,87,178,74,Right,08/01/1992,LM-CM-RM,High / High,4,3,21.500.000,90.0,86,80,50,48,51,68,84,80,58,88,84,85,86,76,83,72,79,72,78,61,62,81,71,80,85,73,59,56,10,14,12,5,13,,Spain
11191,184255,Kolbeinn Sigþórsson,75,77,186,80,Right,14/03/1990,ST,High / Medium,3,2,3.600.000,30.0,69,66,30,32,46,63,74,77,40,63,48,63,60,66,75,82,58,69,58,70,85,79,77,68,53,54,71,71,14,6,16,10,12,,Iceland
4581,182130,Krisztián Németh,71,72,180,74,Right,05/01/1989,ST-LM-CAM,Medium / Low,3,3,,,72,74,35,29,33,63,67,76,37,58,51,67,59,79,72,62,73,77,83,62,63,70,72,64,59,55,70,71,10,7,11,16,12,,Hungary
1744,174669,Krzysztof Mączyński,66,66,175,69,Right,23/05/1987,CDM-CM,Medium / Medium,3,2,350.000,5.0,63,66,54,56,59,63,71,65,74,77,66,70,65,67,76,55,73,54,78,73,55,64,38,61,68,66,40,34,12,9,12,11,8,,Poland
3758,166844,Kyle Lafferty,70,70,193,70,Right,16/09/1987,ST-LM,Medium / High,4,2,1.000.000,20.0,67,67,33,35,31,80,73,67,14,64,55,65,42,69,68,79,68,66,58,75,75,75,68,64,54,72,75,74,11,11,6,8,15,,Northern Ireland
6334,188377,Kyle Walker,79,81,178,70,Right,28/05/1990,RB,High / Medium,2,2,7.000.000,60.0,73,74,77,84,81,78,75,62,74,67,75,73,67,85,88,77,73,92,70,83,76,86,51,70,76,73,63,57,15,12,6,16,8,,England
6465,201215,Ladislav Krejčí,75,81,180,67,Left,05/07/1992,LM-LW-ST,High / Medium,2,3,,,77,77,35,43,47,65,75,73,45,70,77,76,73,82,69,47,79,78,79,81,40,76,72,73,77,76,67,66,9,15,13,12,9,,Czech Republic
355,231493,László Kleinheisler,67,75,173,70,Right,08/04/1994,LM-RM-CAM,High / High,4,3,800.000,6.0,62,71,58,59,62,68,71,63,47,67,65,71,67,77,57,63,81,69,78,62,44,55,58,65,72,51,58,48,6,7,12,7,12,,Hungary
9265,157678,Laurent Ciman,77,77,184,70,Right,05/08/1985,CB,Medium / High,4,2,3.600.000,30.0,72,64,80,80,74,83,80,54,77,63,66,73,79,72,79,73,74,74,72,70,75,82,41,69,64,70,47,54,6,12,16,14,12,,Belgium
3663,165229,Laurent Koscielny,84,84,186,75,Right,10/09/1985,CB,Medium / High,3,2,16.000.000,110.0,67,62,83,85,87,92,78,31,85,56,54,75,67,79,73,73,62,78,70,86,84,54,32,47,22,49,51,35,11,13,11,9,7,,France
1491,193357,Lee Hodson,66,71,174,71,Right,02/10/1991,RB,Medium / Medium,3,3,500.000,2.0,65,65,66,68,71,68,64,54,53,54,64,64,59,74,83,57,80,70,73,71,51,60,48,52,35,33,33,46,6,10,14,9,13,,Northern Ireland
1836,184344,Leonardo Bonucci,83,83,190,86,Right,01/05/1987,CB,Medium / High,3,2,13.500.000,110.0,73,68,84,86,86,84,82,39,86,66,44,73,79,65,75,83,55,75,61,85,84,69,37,59,56,61,61,55,2,2,2,3,4,,Italy
5905,222492,Leroy Sané,76,87,183,75,Left,11/01/1996,RM-LM-ST,High / Medium,3,3,6.000.000,45.0,78,83,26,35,32,52,76,77,32,66,64,74,63,92,74,60,75,90,78,64,69,75,74,74,80,59,63,64,9,8,12,9,14,,Germany
1082,198219,Lorenzo Insigne,82,86,163,59,Right,04/06/1991,LW-CAM,High / Medium,3,4,19.000.000,80.0,88,87,16,22,24,34,79,76,26,82,79,80,72,93,77,44,93,85,95,55,56,68,70,78,78,75,61,74,9,8,4,14,10,,Italy
12820,134956,Lorik Cana,76,76,185,77,Right,27/07/1983,CB,Medium / High,3,2,2.400.000,35.0,62,50,72,79,74,80,72,61,80,50,50,68,72,51,60,84,50,52,53,77,78,84,22,73,58,57,55,34,14,10,6,14,15,,Albania
312,200458,Lucas Digne,77,82,178,74,Left,20/07/1993,LB,High / Medium,3,3,6.000.000,45.0,77,70,77,81,78,73,76,67,74,72,77,77,67,74,80,68,66,75,71,75,67,67,47,63,65,37,28,25,6,6,12,9,13,,France
2441,208618,Lucas Vázquez,78,82,173,69,Right,01/07/1991,RM-RW,High / Medium,4,3,8.000.000,60.0,79,81,23,37,51,54,83,80,44,71,81,74,71,85,79,56,82,79,78,67,51,78,69,74,82,75,56,54,9,9,16,9,7,,Spain
1531,139886,Lucian Sânmărtean,76,76,176,70,Left,13/03/1980,CAM-LM-CDM,Medium / Medium,3,5,1.400.000,25.0,82,76,65,64,67,61,76,73,67,75,76,80,77,70,54,57,66,67,58,55,60,69,73,71,78,75,74,65,6,10,16,15,13,,Romania
3900,212678,Ludwig Augustinsson,71,80,181,76,Left,21/04/1994,LB,High / Medium,2,2,1.600.000,15.0,68,67,70,69,65,63,70,62,62,67,76,70,66,82,91,63,73,80,77,67,41,69,52,59,74,73,59,54,15,10,12,10,8,,Sweden
4025,177003,Luka Modrić,87,87,174,65,Right,09/09/1985,CM-CDM,High / Medium,4,4,30.000.000,140.0,92,86,69,73,75,62,88,79,73,89,78,86,83,78,87,61,94,74,93,67,55,73,71,82,79,77,80,75,14,13,9,7,9,,Croatia
5036,200433,Lukas Hinterseer,72,75,192,86,Right,28/03/1991,ST-RW,Medium / Medium,3,2,2.000.000,20.0,71,68,27,31,33,57,71,72,25,64,55,69,58,66,71,80,58,68,67,63,73,74,74,61,63,44,71,69,6,15,7,13,6,,Austria
5428,150516,Lukas Podolski,78,78,182,83,Left,04/06/1985,RM-ST-LM,Medium / Low,2,3,5.500.000,45.0,79,78,33,39,39,66,76,82,36,75,77,77,64,82,66,76,72,81,69,65,65,93,85,83,80,75,83,91,9,10,9,16,9,,Germany
2011,211511,Luke McCullough,63,71,188,84,Right,15/02/1994,CB-CDM,Medium / Medium,3,2,300.000,3.0,60,52,65,57,70,56,57,34,59,35,35,58,50,54,60,75,66,51,38,66,65,44,27,24,30,31,47,34,9,6,12,15,9,,Northern Ireland
12279,167495,Manuel Neuer,90,90,193,92,Right,27/03/1986,GK,Medium / Medium,4,1,42.000.000,180.0,31,16,10,11,10,29,87,12,30,70,15,48,47,58,44,83,35,61,43,78,25,25,13,16,14,11,37,11,90,85,87,91,87,,Germany
4809,198141,Marc Bartra,80,83,183,74,Right,15/01/1991,CB,High / Medium,3,2,11.000.000,60.0,78,62,83,82,87,63,76,58,83,43,50,79,73,71,64,73,69,70,67,87,77,58,43,36,56,45,52,43,12,10,15,13,8,,Spain
2126,138384,Marc Janko,74,74,196,93,Left,25/06/1983,ST,Medium / Medium,2,2,1.900.000,30.0,72,61,28,22,37,71,75,84,26,58,49,58,37,49,63,86,44,53,48,48,81,78,81,73,53,53,81,74,16,8,15,7,8,,Austria
5015,192448,Marc-André ter Stegen,82,87,187,85,Right,30/04/1992,GK,Medium / Medium,4,1,16.500.000,90.0,18,17,10,10,13,43,80,11,22,57,15,30,38,38,35,79,43,50,37,82,10,22,14,10,18,12,25,14,78,84,80,82,85,,Germany
5028,204923,Marcel Sabitzer,73,80,177,74,Right,17/03/1994,CAM-RM-ST,High / Medium,4,3,3.000.000,20.0,75,73,18,17,31,63,69,72,33,70,63,71,58,89,80,69,80,86,83,81,52,77,71,69,72,63,65,73,15,11,13,14,13,,Austria
2273,216352,Marcelo Brozović,78,83,181,68,Right,16/11/1992,CM-CAM,High / Medium,4,2,8.000.000,45.0,83,79,62,68,71,71,76,70,70,80,72,81,81,75,80,64,73,75,75,67,62,79,66,79,79,70,69,65,11,8,8,15,8,,Croatia
10484,183498,Marco Parolo,80,80,184,75,Right,25/01/1985,CM,High / Medium,4,3,9.000.000,60.0,79,75,71,76,78,80,82,82,80,78,74,81,80,72,84,79,71,76,69,77,75,87,72,86,67,55,45,76,7,13,9,6,9,,Italy
12837,176733,Marcus Berg,78,78,184,74,Right,17/08/1986,ST-CF,High / Low,4,3,6.000.000,50.0,81,72,12,25,33,61,76,83,28,66,56,75,51,74,70,72,72,73,73,74,77,79,83,74,66,47,70,74,8,10,7,12,14,,Sweden
4237,231677,Marcus Rashford,69,85,180,70,Right,31/10/1997,ST,High / Medium,3,3,1.400.000,6.0,66,75,22,20,20,48,63,73,38,64,48,64,46,87,65,57,70,85,79,70,63,67,70,58,64,65,74,51,7,11,6,15,14,,England
5203,171877,Marek Hamšik,82,82,183,79,Right,27/07/1987,CM-CAM,High / Medium,4,3,14.500.000,90.0,85,82,56,60,64,56,82,83,62,84,78,86,78,75,78,69,63,77,76,72,74,76,77,78,80,72,70,79,14,8,6,4,14,,Slovakia
715,181262,Marek Suchý,78,78,183,76,Right,29/03/1988,CB,Low / High,3,2,5.000.000,45.0,73,60,77,76,81,72,70,32,79,50,43,72,67,73,81,85,65,78,70,91,78,64,48,52,32,39,64,43,15,14,11,15,7,,Czech Republic
1947,150418,Mario Gómez,81,81,189,88,Right,10/07/1985,ST,High / Medium,4,2,12.000.000,50.0,75,74,20,20,24,72,80,87,20,62,62,69,50,68,69,86,55,75,64,76,83,82,86,78,68,36,74,78,7,8,8,9,14,,Germany
12900,192318,Mario Götze,84,88,176,72,Right,03/06/1992,CAM-LM,Medium / Medium,4,4,27.500.000,120.0,90,90,16,26,29,48,85,84,53,84,76,85,75,76,68,64,84,68,87,70,54,68,78,62,80,74,65,83,6,14,7,12,10,,Germany
2064,181783,Mario Mandžukić,82,82,190,85,Right,21/05/1986,ST,High / High,3,3,14.000.000,100.0,77,73,28,44,38,88,86,89,44,62,62,71,41,73,81,87,55,77,69,87,90,78,85,57,53,45,76,85,8,10,8,5,15,,Croatia
4472,208306,Mariusz Stępiński,67,75,183,73,Right,12/05/1995,ST,Medium / Medium,4,3,800.000,6.0,63,66,19,17,18,50,59,72,32,53,51,60,48,75,58,59,64,73,76,73,71,68,72,55,48,34,62,54,9,8,13,7,7,,Poland
1636,184200,Marko Arnautović,79,80,192,83,Right,19/04/1989,LM-RM-LW,Medium / Medium,4,4,8.500.000,60.0,84,84,47,30,57,73,73,78,46,79,83,79,68,80,78,85,57,77,76,68,71,76,73,69,79,74,78,79,10,14,15,10,15,,Austria
266,169345,Markus Suttner,71,71,179,73,Left,16/04/1987,LB,High / Medium,3,3,925.000,20.0,70,68,67,71,72,68,70,49,69,64,68,66,58,78,79,69,72,77,75,74,57,71,46,65,56,57,38,62,7,10,13,15,15,,Austria
11705,176944,Marouane Fellaini,78,78,194,85,Right,22/11/1987,CM-CAM-CDM,Medium / Medium,3,3,6.000.000,70.0,80,74,72,68,77,92,80,78,73,77,64,77,69,54,86,92,52,59,57,73,91,75,73,72,62,46,64,71,15,8,6,9,16,,Belgium
7971,177666,Martin Harnik,75,75,186,80,Right,10/06/1987,RM-ST-LM,High / Medium,4,3,2.800.000,30.0,73,74,39,42,32,72,80,81,39,75,70,74,69,79,86,75,64,79,69,85,79,77,73,67,73,52,72,78,6,15,10,12,14,,Austria
8097,201922,Martin Hinteregger,75,81,185,86,Left,07/09/1992,CB,High / Medium,3,2,3.500.000,20.0,63,56,78,79,79,82,63,61,74,62,53,62,65,64,75,81,62,74,62,85,68,83,48,71,58,63,64,49,13,14,14,9,10,,Austria
13251,184472,Martin Olsson,74,74,178,81,Left,17/05/1988,LB,High / Medium,2,3,1.900.000,30.0,70,72,74,73,76,74,73,69,69,66,71,69,66,79,88,72,65,86,74,71,64,75,55,64,64,53,49,65,9,11,9,7,12,,Sweden
1372,166706,Martin Škrtel,81,81,191,81,Right,15/12/1984,CB,Medium / High,2,2,8.500.000,70.0,59,46,79,83,85,84,73,33,78,28,39,65,62,54,75,85,52,68,62,75,86,46,35,35,33,27,52,43,6,15,5,7,11,,Slovakia
1643,190243,Marwin Hitz,77,77,192,84,Right,18/09/1987,GK,Medium / Medium,3,1,4.000.000,45.0,17,13,15,14,15,25,71,8,23,15,12,29,25,41,39,78,31,46,45,67,18,38,27,12,15,17,22,26,77,81,71,69,82,,Switzerland
2570,207410,Mateo Kovačić,78,84,178,77,Right,06/05/1994,CM,Medium / Medium,4,4,8.500.000,50.0,87,88,41,55,59,71,68,67,48,88,75,87,76,84,72,59,71,78,79,59,42,79,58,74,78,68,59,76,7,9,5,6,7,,Croatia
9026,178603,Mats Hummels,86,87,191,92,Right,16/12/1988,CB,High / Medium,3,2,27.000.000,160.0,77,68,86,86,87,71,85,56,91,79,64,78,82,62,67,86,58,66,64,70,90,71,55,51,65,53,68,60,5,15,6,10,6,,Germany
11623,184392,Matteo Darmian,81,83,182,70,Right,02/12/1989,RB-LB,High / High,5,2,12.000.000,70.0,76,76,80,85,85,82,78,64,80,63,78,74,68,79,91,68,77,80,79,70,71,69,38,56,69,35,45,59,12,6,7,7,7,,Italy
10438,206058,Mattia De Sciglio,75,80,183,74,Right,20/10/1992,LB-RB,High / Medium,4,2,3.300.000,30.0,74,66,72,80,78,72,66,64,72,50,74,70,68,78,82,72,72,84,76,72,64,65,33,51,75,39,49,33,5,5,3,5,3,,Italy
7610,124635,Mehmet Topal,78,78,187,82,Right,03/03/1986,CDM-CM,Medium / High,4,2,4.700.000,35.0,72,67,80,79,82,78,79,56,85,58,56,75,74,69,90,82,62,66,68,80,76,84,58,70,60,54,74,54,9,15,10,15,11,,Turkey
3099,176635,Mesut Özil,88,89,183,76,Left,15/10/1988,CAM,Medium / Low,2,4,44.000.000,170.0,90,86,22,19,16,54,87,84,24,93,80,89,84,77,64,56,70,68,84,52,54,70,75,76,84,79,76,77,6,6,14,10,14,,Germany
11970,184501,Michael Lang,74,78,185,79,Right,08/02/1991,RB-LB,Medium / Medium,3,2,2.700.000,25.0,73,54,75,75,79,69,59,63,74,48,72,70,69,75,77,78,58,77,64,76,77,71,65,53,45,55,59,56,10,12,8,9,11,,Switzerland
6442,163201,Michael McGovern,66,66,191,89,Right,12/07/1984,GK,Medium / Medium,3,1,350.000,1.0,15,10,9,12,17,18,60,16,23,40,11,13,22,32,33,49,47,34,48,52,20,20,12,13,11,13,14,15,67,66,66,63,69,,Northern Ireland
8086,167308,Michal Kadlec,71,71,185,76,Left,13/12/1984,CB-LB-CDM,Medium / Medium,2,3,875.000,15.0,66,64,72,70,68,72,75,62,73,59,72,70,74,64,74,72,70,65,68,80,72,68,56,60,67,56,74,64,14,10,7,8,13,,Czech Republic
4086,185010,Michał Pazdan,69,69,180,78,Right,21/09/1987,CB-CDM,Medium / High,3,2,600.000,7.0,64,62,61,69,70,92,69,59,66,64,53,65,66,41,75,77,63,34,69,92,66,69,35,63,48,41,46,41,16,15,13,6,12,,Poland
1345,204529,Michy Batshuayi,79,84,180,78,Right,02/10/1993,ST,Medium / Low,4,3,10.000.000,50.0,79,78,16,22,26,59,77,81,23,63,65,62,36,80,65,80,78,84,84,81,73,82,82,76,61,46,67,73,7,9,10,16,15,,Belgium
9799,212047,Mihai Pintilii,73,73,180,78,Right,09/11/1984,CDM-CM,Medium / High,3,2,,,72,42,73,71,73,74,71,59,76,69,60,72,68,66,83,73,67,72,70,73,64,73,37,74,65,44,45,39,8,8,7,12,7,,Romania
12873,201572,Mihály Korhut,67,68,181,76,Left,01/12/1988,LB,Medium / Medium,3,2,,,68,63,74,68,69,68,67,50,63,50,70,54,53,75,61,59,69,74,68,64,53,24,21,16,41,36,35,24,11,14,15,7,12,,Hungary
7516,176942,Mikael Lustig,72,72,190,78,Right,13/12/1986,RB,High / Medium,3,3,1.200.000,20.0,68,65,74,76,77,66,72,45,77,60,72,70,66,63,63,74,54,60,66,80,78,67,48,60,67,40,33,59,13,12,7,8,10,,Sweden
274,185132,Mikel San José,80,81,186,77,Right,30/05/1989,CB-CM,Medium / Medium,3,2,9.500.000,60.0,74,62,73,75,84,74,82,54,84,59,48,84,80,48,67,83,55,56,46,78,85,71,59,72,32,45,52,69,8,10,6,10,16,,Spain
7092,201144,Milan Badelj,78,79,186,76,Right,25/02/1989,CDM-CM,Medium / Medium,4,3,6.000.000,50.0,80,70,70,76,78,78,78,62,80,79,69,82,82,60,79,72,64,64,68,58,67,72,51,66,64,57,69,66,15,8,9,14,6,,Croatia
12480,183211,Milan Škoda,70,70,190,86,Right,16/01/1986,ST-CF,Medium / Medium,2,3,,,70,67,37,40,35,67,67,75,33,63,59,64,50,64,72,74,59,69,50,58,80,64,72,69,49,59,67,66,16,11,7,16,9,,Czech Republic
2141,232363,Milan Škriniar,65,75,189,79,Right,11/02/1995,CB,Medium / High,4,2,550.000,3.0,56,42,63,72,71,57,55,36,63,41,43,62,61,65,64,69,53,65,43,67,65,54,41,35,38,39,68,45,8,10,13,12,12,,Slovakia
13011,177358,Morgan Schneiderlin,82,84,181,75,Right,08/11/1989,CDM-CM,Medium / High,3,2,14.500.000,90.0,79,73,77,82,84,85,82,67,86,73,65,82,81,69,90,78,66,59,66,72,65,71,64,56,68,61,56,56,14,6,11,12,7,,France
4240,162240,Moussa Dembélé,80,80,185,82,Left,16/07/1987,CM-CDM,Medium / Medium,2,4,10.000.000,70.0,84,85,65,65,77,74,78,71,75,76,65,84,79,78,82,88,59,77,83,77,68,85,66,72,65,55,67,77,16,16,14,11,14,,Belgium
1241,183394,Moussa Sissoko,79,80,187,83,Right,16/08/1989,RM-CM,High / Medium,2,2,,60.0,79,80,69,71,72,77,79,76,76,68,76,79,74,79,92,86,63,82,76,77,70,85,72,71,75,74,68,67,10,14,8,11,8,,France
4982,213927,Mykyta Shevchenko,53,61,187,80,Right,26/01/1993,GK,Medium / Medium,3,1,60.000,1.0,23,20,15,11,13,18,52,13,16,14,15,25,25,45,50,65,52,45,31,53,13,25,16,11,14,17,22,18,50,54,44,50,63,,Ukraine
3911,215914,N'Golo Kanté,79,83,169,69,Right,29/03/1991,CM,Medium / High,3,3,9.500.000,45.0,78,75,73,81,86,90,83,68,90,76,67,80,78,81,92,76,90,80,74,79,54,72,65,66,49,49,54,56,7,15,12,10,10,,France
9472,190456,Nathaniel Clyne,80,84,175,67,Right,05/04/1991,RB-RWB,High / Medium,3,3,11.000.000,70.0,76,78,80,86,83,76,75,64,76,64,80,76,67,86,87,71,76,86,84,73,66,74,54,69,64,39,46,45,15,10,11,13,7,,England
4857,173735,Neil Taylor,74,74,177,75,Left,07/02/1989,LB,Medium / High,3,2,2.000.000,30.0,74,73,72,82,79,66,64,60,78,64,73,72,70,78,74,64,83,68,70,74,63,46,30,55,69,34,44,35,16,15,16,14,6,,Wales
10523,201549,Nemanja Nikolić,74,74,180,81,Right,31/12/1987,ST,High / Medium,4,2,2.500.000,30.0,70,67,15,19,15,52,64,85,29,49,32,61,42,76,75,75,75,73,66,73,71,74,80,66,71,67,73,68,11,13,6,13,10,,Hungary
11684,186839,Niall McGinn,70,70,173,70,Right,20/07/1987,RM-LM,High / Medium,4,3,925.000,20.0,73,72,12,15,13,53,66,67,48,63,65,63,53,84,82,58,81,82,83,57,64,67,69,61,71,75,71,61,15,10,15,6,13,,Northern Ireland
10617,221491,Nico Elvedi,68,83,188,83,Right,30/09/1996,CB-RB-CDM,Medium / Medium,3,2,1.100.000,2.0,65,52,69,69,72,61,63,42,65,46,52,59,55,67,75,67,54,69,59,70,73,49,27,28,47,29,37,30,12,9,15,10,9,,Switzerland
9545,212207,Nicolae Claudiu Stanciu,73,81,168,63,Right,07/05/1993,CAM-RW-LW,High / Low,4,4,,,73,70,41,42,40,65,73,74,52,75,69,71,73,76,64,67,71,79,74,63,66,69,71,68,65,68,73,62,10,14,7,13,12,,Romania
202,185431,Nikola Kalinić,78,78,187,80,Right,05/01/1988,ST,High / High,4,3,6.500.000,50.0,78,72,22,28,32,70,84,88,42,66,60,68,48,69,79,76,54,78,69,66,78,76,82,65,63,54,70,76,11,9,11,9,7,,Croatia
1315,199561,Nolito,82,82,175,72,Right,15/10/1986,LW,High / Low,3,4,14.500.000,80.0,83,85,30,25,39,73,84,82,58,81,81,80,67,79,74,62,81,76,84,63,45,74,82,81,83,80,74,65,8,10,15,12,8,,Spain
1742,220061,Norbert Gyömbér,72,77,189,74,Right,03/07/1992,CB,Medium / Medium,3,2,1.700.000,20.0,55,43,76,73,75,72,68,15,76,21,25,55,53,55,55,69,54,63,34,62,76,38,11,19,15,20,23,13,14,9,8,9,11,,Slovakia
1334,170797,Nuri Şahin,81,81,180,73,Left,05/09/1988,CM-CDM,Medium / Medium,4,3,12.000.000,90.0,85,81,60,74,70,56,83,68,84,85,84,83,86,59,63,62,74,50,78,59,61,72,63,78,84,80,38,78,12,13,10,13,11,,Turkey
10491,216633,Ögmundur Kristinsson,62,63,191,88,Right,19/06/1989,GK,Medium / Medium,2,1,200.000,4.0,16,15,12,19,15,25,55,11,29,47,11,26,23,41,34,53,50,48,35,54,11,22,15,19,12,14,21,15,57,57,66,55,71,,Iceland
5606,196934,Oğuzhan Özyakup,80,86,180,75,Right,23/09/1992,CM-CAM-CDM,High / Medium,4,4,14.000.000,35.0,83,82,54,55,65,73,74,76,66,85,76,85,84,76,78,66,84,75,87,71,50,80,73,78,83,81,78,72,15,7,10,9,13,,Turkey
2827,189491,Olcay Şahan,75,75,179,71,Right,26/05/1987,LM-RM,High / High,4,3,2.800.000,30.0,77,77,52,46,63,79,80,80,58,66,65,72,67,79,86,59,83,79,84,48,68,76,74,71,78,67,66,76,12,11,9,9,8,,Turkey
3732,162780,Oleg Ivanov,76,76,192,87,Right,04/08/1986,CAM-CDM-CM,Medium / Medium,3,3,3.600.000,45.0,79,76,63,60,64,80,79,65,55,81,75,82,76,69,81,82,62,69,66,62,66,75,68,71,63,65,65,65,7,7,15,8,6,,Russia
7679,206273,Oleg Shatov,80,82,173,73,Right,29/07/1990,LM-CAM-LW,High / Medium,4,4,12.500.000,60.0,82,82,48,44,47,70,77,75,66,81,74,81,77,83,70,66,78,91,83,59,55,75,76,78,67,38,60,69,12,13,9,10,14,,Russia
5535,227813,Oleksandr Zinchenko,72,85,175,61,Left,15/12/1996,CAM-RM-LWB,Medium / High,3,4,2.600.000,1.0,70,78,51,63,66,64,70,68,68,73,73,73,68,77,59,35,84,74,81,60,52,59,65,62,60,71,59,44,11,15,11,13,11,,Ukraine
1619,186143,Oliver Norwood,71,75,175,76,Right,12/04/1991,CM-CDM,Medium / Medium,3,2,1.500.000,15.0,72,64,65,74,72,72,65,59,70,73,73,75,77,67,73,59,74,67,71,63,58,76,56,73,71,71,56,69,7,16,16,7,12,,Northern Ireland
3763,178509,Olivier Giroud,82,82,192,88,Left,30/09/1986,ST,Medium / Medium,3,2,15.000.000,120.0,82,69,26,20,37,76,83,84,41,75,63,76,56,63,79,88,52,64,65,82,86,84,84,76,70,65,81,81,6,12,15,11,5,,France
1752,186953,Onur Kıvrak,79,79,187,74,Right,01/01/1988,GK,Medium / Medium,2,1,6.000.000,60.0,22,25,18,14,13,30,79,10,20,54,13,28,26,65,45,67,51,65,67,83,14,23,10,12,10,11,13,10,75,82,74,74,86,,Turkey
9800,202944,Oscar Hiljemark,72,77,184,75,Right,28/06/1992,CM-CDM,High / High,3,2,2.000.000,15.0,74,70,58,58,70,69,70,63,70,68,50,74,76,72,89,72,64,74,67,72,59,83,48,67,64,69,64,50,16,6,8,15,12,,Sweden
894,205210,Oscar Lewicki,72,78,171,68,Right,14/07/1992,CDM-CM,Medium / High,4,2,1.800.000,15.0,66,57,71,74,68,88,72,48,80,64,45,64,68,63,83,70,83,61,76,93,68,67,45,49,56,45,48,49,10,12,10,7,15,,Sweden
5163,168990,Ovidiu Hoban,68,68,182,78,Right,27/12/1982,CDM-CM-CB,High / High,3,2,,,69,56,69,67,68,57,68,54,70,58,44,66,68,67,72,75,60,64,59,58,65,61,58,64,63,67,65,52,11,6,12,12,11,,Romania
368,223154,Ozan Tufan,74,82,179,70,Right,23/03/1995,CDM-CM-RM,High / Medium,3,2,3.100.000,20.0,76,78,70,69,73,71,73,74,76,68,68,76,78,77,82,74,66,79,76,68,64,80,62,72,67,52,53,55,7,6,14,8,15,,Turkey
6495,213697,Paddy McNair,69,78,183,72,Right,27/04/1995,CB-RB,High / Medium,3,2,1.000.000,7.0,65,55,71,70,72,74,67,42,64,47,41,60,58,65,64,72,63,66,56,70,68,42,36,40,49,36,43,43,8,14,8,11,14,,Northern Ireland
13393,52091,Patrice Evra,81,81,174,74,Left,15/05/1981,LB-LM,Medium / High,2,3,3.500.000,60.0,75,74,80,86,84,76,80,61,85,62,80,75,69,79,75,69,85,77,79,89,76,75,33,63,76,51,57,53,5,3,5,5,3,,France
7405,216750,Patrik Carlgren,68,74,188,84,Right,08/01/1992,GK,Medium / Medium,2,1,725.000,6.0,22,14,10,13,12,21,73,14,14,48,13,23,16,33,34,70,43,33,48,59,18,17,13,14,10,15,21,9,65,76,57,55,75,,Sweden
10628,195864,Paul Pogba,86,91,191,84,Right,15/03/1993,CM,High / Medium,4,4,37.500.000,130.0,89,88,68,78,76,74,86,83,71,86,76,85,81,75,90,91,61,79,75,85,72,91,71,91,81,80,76,84,4,5,6,2,3,,France
1992,203605,Pavel Kadeřábek,74,80,182,81,Right,25/04/1992,RB,High / Medium,2,2,2.800.000,25.0,75,74,74,75,75,72,74,55,66,64,77,74,69,76,79,74,67,79,68,67,69,66,56,57,54,52,54,57,13,10,11,14,7,,Czech Republic
8688,187736,Pavel Mamaev,77,77,178,70,Right,17/09/1988,CM-RW-LW,Medium / Medium,4,2,,45.0,80,74,65,68,69,73,76,74,70,80,73,81,76,76,74,59,72,84,69,77,60,72,69,73,64,71,81,66,6,12,16,8,9,,Russia
8541,189505,Pedro,83,83,167,62,Right,28/07/1987,LM-LW-RW,High / Medium,5,4,16.500.000,110.0,85,84,30,31,32,56,85,84,49,74,78,83,74,86,78,56,82,79,84,67,55,71,80,73,81,57,66,70,15,5,11,12,9,,Spain
4449,185122,Péter Gulácsi,71,73,190,83,Right,06/05/1990,GK,Medium / Medium,3,1,1.200.000,15.0,23,19,22,20,16,34,68,11,23,35,16,17,13,41,40,60,50,40,54,66,23,19,10,12,18,11,24,10,69,73,67,61,77,,Hungary
6461,190854,Peter Pekarík,76,76,176,70,Right,30/10/1986,RB-LB,Medium / Medium,3,2,2.900.000,45.0,75,73,80,83,81,70,76,54,69,49,76,75,64,77,78,66,75,74,73,65,40,56,31,37,67,39,52,35,9,12,12,15,10,,Slovakia
11628,48940,Petr Čech,86,86,196,90,Left,20/05/1982,GK,Medium / Medium,3,1,20.000.000,120.0,22,12,11,12,13,17,86,13,23,17,19,35,33,45,32,65,34,52,49,51,19,21,12,11,13,19,23,17,85,83,84,77,85,,Czech Republic
9632,210406,Piotr Zieliński,74,82,180,75,Right,20/05/1994,CM-CAM,Medium / Medium,3,3,3.500.000,20.0,81,79,48,56,60,57,72,70,60,77,69,79,75,77,77,55,76,75,73,55,52,72,62,65,69,65,51,64,11,12,9,12,6,,Poland
1810,194201,Pontus Jansson,75,79,194,89,Right,13/02/1991,CB,Medium / Medium,3,2,3.300.000,25.0,65,59,79,75,79,72,74,28,76,52,29,59,59,55,65,90,34,69,55,55,70,68,29,50,49,40,39,41,6,9,5,14,7,,Sweden
3312,176731,Pontus Wernbloom,79,79,187,85,Right,25/06/1986,CDM,Medium / High,2,2,5.500.000,60.0,74,65,79,77,80,89,77,70,81,69,58,77,72,54,93,83,55,64,53,49,87,83,59,72,53,32,66,46,13,14,9,13,9,,Sweden
2576,178518,Radja Nainggolan,83,83,176,65,Right,04/05/1988,CM,High / High,3,3,16.500.000,90.0,84,79,78,83,85,83,83,83,86,76,73,83,82,79,94,78,84,78,81,76,59,83,75,83,73,68,63,75,8,11,11,14,11,,Belgium
8796,179897,Ragnar Sigurðsson,74,74,187,77,Right,19/06/1986,CB,Medium / High,3,2,1.800.000,20.0,52,30,74,72,77,84,70,29,77,55,40,68,62,68,72,81,60,70,56,61,76,59,26,52,42,32,65,25,9,9,8,6,12,,Iceland
1069,202652,Raheem Sterling,81,87,170,69,Right,08/12/1994,LM-ST,High / Medium,2,4,16.500.000,60.0,84,86,48,54,58,34,79,81,26,76,71,77,67,94,75,64,91,92,90,60,38,68,73,70,64,49,63,59,15,15,12,12,9,,England
9104,152211,Ramazan Özcan,73,73,187,84,Left,28/06/1984,GK,Medium / Medium,2,1,1.700.000,20.0,14,13,12,13,14,32,73,10,22,32,12,34,26,52,36,72,36,51,48,71,14,23,14,17,14,19,16,13,73,73,71,71,75,,Austria
6836,209889,Raphaël Guerreiro,75,81,170,67,Left,22/12/1993,LM-LB,Medium / High,3,3,4.000.000,20.0,76,77,74,72,74,69,71,71,70,68,75,72,70,84,75,56,84,82,83,60,61,74,70,71,65,58,37,70,11,12,6,8,8,,Portugal
6247,143674,Răzvan Raţ,75,75,178,72,Left,26/05/1981,LB-LM,High / Medium,3,2,875.000,20.0,69,64,76,78,76,64,76,63,75,71,81,73,75,68,78,72,71,77,69,67,69,67,52,61,82,74,51,62,16,9,13,11,9,,Romania
9347,230767,Renato Sanches,76,88,176,75,Right,18/08/1997,CM,High / High,4,3,5.500.000,20.0,76,77,66,64,69,90,81,77,77,71,59,77,70,83,92,81,80,86,82,80,64,85,65,77,59,68,68,67,13,5,12,6,14,,Portugal
5686,3622,Ricardo Carvalho,78,78,183,79,Right,18/05/1978,CB,Medium / Medium,3,2,1.000,35.0,64,51,81,72,80,84,71,51,80,52,48,74,65,33,32,75,63,46,48,70,81,53,48,39,55,36,38,52,12,16,13,8,12,,Portugal
9917,193352,Ricardo Rodriguez,82,86,181,77,Left,25/08/1992,LB,High / Medium,3,3,16.000.000,70.0,80,78,85,85,83,79,85,68,84,75,92,81,78,74,78,74,73,76,75,75,74,78,59,73,82,84,82,66,14,14,13,14,11,,Switzerland
921,201746,Richárd Guzmics,68,68,190,88,Right,16/04/1987,CB,Medium / High,2,2,475.000,7.0,44,47,64,64,71,78,62,45,72,26,39,60,63,55,68,89,59,49,45,80,52,56,22,37,27,33,49,27,7,7,11,11,8,,Hungary
11312,163156,Richard Keogh,72,72,188,87,Right,11/08/1986,CB,Medium / Medium,3,2,1.200.000,20.0,59,60,73,76,73,74,71,52,72,55,52,72,67,66,80,74,60,66,65,72,73,51,28,12,33,30,31,23,13,13,15,11,11,,Republic of Ireland
7312,201884,Robbie Brady,75,77,175,69,Left,14/01/1992,LM-LB-LWB,High / Medium,4,3,3.600.000,25.0,75,76,50,71,67,51,73,70,55,74,80,73,75,84,80,69,75,79,77,75,53,75,66,74,81,77,65,62,7,12,8,13,7,,Republic of Ireland
7386,330,Robbie Keane,79,79,175,73,Right,08/07/1980,ST,High / Low,4,3,4.000.000,30.0,84,82,28,17,26,67,83,85,34,82,68,81,63,69,72,68,83,68,77,62,63,81,84,80,82,63,75,84,14,11,9,13,16,,Republic of Ireland
4167,163810,Robert Almer,66,66,194,85,Left,20/03/1984,GK,Medium / Medium,3,1,350.000,4.0,19,12,15,12,17,29,69,11,20,45,11,26,22,33,29,72,36,37,36,64,12,21,13,13,13,14,17,17,67,69,60,67,65,,Austria
8898,188545,Robert Lewandowski,88,88,185,79,Right,21/08/1988,ST,Medium / Medium,4,3,41.000.000,170.0,87,85,25,19,42,80,88,88,39,78,62,82,65,79,79,82,78,81,78,83,83,85,89,82,77,68,77,84,8,15,6,12,10,,Poland
3421,198193,Róbert Mak,74,78,179,78,Right,08/03/1991,RM-LM-ST,High / Low,4,4,3.100.000,25.0,76,79,27,26,30,55,70,73,35,69,71,69,64,84,72,51,74,83,80,73,58,74,72,65,70,59,65,69,13,10,6,8,9,,Slovakia
11878,207557,Robin Olsen,71,73,198,90,Right,08/01/1990,GK,Medium / Medium,2,1,1.200.000,15.0,17,11,17,17,12,29,76,13,19,52,16,29,32,28,45,78,31,40,33,39,15,17,11,15,15,18,30,20,72,65,71,70,75,,Sweden
4543,189117,Roman Bürki,80,83,187,85,Right,14/11/1990,GK,Medium / Medium,2,1,11.000.000,70.0,23,16,14,16,13,35,79,10,18,47,15,37,24,49,36,74,52,53,51,74,17,22,8,14,13,12,20,13,79,82,79,71,85,,Switzerland
9867,186296,Roman Neustädter,74,74,190,83,Right,18/02/1988,CB-CDM,Low / Medium,3,2,2.000.000,45.0,73,62,75,70,77,62,75,53,75,76,56,78,77,52,77,74,45,53,54,65,79,70,39,63,53,50,58,47,13,6,13,15,14,,Russia
2263,167614,Roman Shirokov,77,77,183,80,Right,06/07/1981,CAM-CM,Medium / Low,3,2,,,78,71,69,67,68,73,79,75,75,84,74,83,81,55,74,73,55,60,72,34,75,79,77,73,71,70,71,73,11,15,6,14,11,,Russia
10547,167549,Roman Shishkin,77,77,176,73,Right,27/01/1987,RB-CDM,Medium / Medium,3,3,4.000.000,45.0,75,67,79,79,78,73,79,60,77,69,78,74,71,77,76,59,73,77,81,74,57,64,61,65,70,71,56,37,7,13,7,8,7,,Russia
11013,192505,Romelu Lukaku,82,88,190,94,Left,13/05/1993,ST,Medium / Medium,4,3,20.000.000,80.0,76,76,27,30,30,72,73,84,27,69,68,67,58,80,80,92,48,85,64,71,80,86,84,76,64,66,80,71,7,8,15,14,10,,Belgium
1395,199189,Ross Barkley,80,88,189,76,Right,05/12/1993,CAM,Medium / Medium,5,3,15.500.000,60.0,84,85,56,52,60,73,77,71,45,81,65,84,78,79,74,77,59,78,70,63,65,78,70,79,56,56,65,61,6,9,14,12,10,,England
8531,178005,Rui Patrício,81,81,190,84,Left,15/02/1988,GK,Medium / Medium,2,1,10.000.000,60.0,23,20,13,11,13,39,79,13,22,18,12,31,30,50,45,76,54,53,56,79,11,38,12,11,10,16,32,17,79,84,80,83,80,,Portugal
1081,213106,Rúnar Már Sigurjónsson,67,69,178,84,Right,18/06/1990,CM,High / High,4,2,600.000,3.0,67,64,47,55,55,86,67,65,58,66,52,65,69,65,91,76,80,67,60,63,54,74,61,68,60,54,51,59,9,10,8,15,11,,Iceland
4433,169705,Ryan Bertrand,78,79,179,85,Left,05/08/1989,LB,High / Medium,3,2,,35.0,76,74,79,82,81,73,76,62,77,51,79,76,70,79,79,71,71,77,76,71,69,59,35,54,67,52,52,43,10,11,13,15,15,,England
7196,168435,Salvatore Sirigu,82,82,192,80,Right,12/01/1987,GK,Medium / Medium,2,1,12.500.000,110.0,18,15,16,13,11,34,79,10,20,46,13,23,28,50,34,66,55,51,52,68,11,20,10,14,11,11,19,12,80,84,79,75,84,,Italy
8079,179746,Sam Vokes,72,73,188,90,Right,21/10/1989,ST,High / Medium,3,2,1.800.000,20.0,73,66,42,24,29,73,68,74,42,67,58,67,57,63,80,82,53,65,61,85,78,75,74,63,47,46,74,67,9,13,14,9,7,,Wales
2788,179846,Sami Khedira,81,81,189,90,Right,04/04/1987,CM-CDM,High / High,4,2,11.500.000,90.0,79,76,76,76,84,79,84,79,86,78,64,83,79,65,79,90,55,69,55,69,76,83,65,73,68,58,61,78,15,11,9,5,8,,Germany
2293,205600,Samuel Umtiti,80,85,181,75,Left,14/11/1993,CB,High / High,3,2,12.000.000,50.0,73,69,80,86,78,79,75,58,85,56,64,78,71,76,82,76,66,77,68,87,78,83,51,70,62,63,61,70,12,15,10,14,15,,France
11197,180216,Séamus Coleman,81,82,177,77,Right,11/10/1988,RB,High / High,3,3,11.500.000,70.0,77,78,83,84,84,78,81,76,77,70,81,77,70,79,90,73,74,80,77,72,67,75,65,68,42,35,60,64,13,5,15,10,7,,Republic of Ireland
4966,164459,Sebastian Larsson,74,74,178,70,Right,06/06/1985,CM-RM,Medium / Medium,3,2,2.200.000,25.0,77,74,64,60,61,82,76,70,59,78,90,76,74,51,79,67,75,62,65,70,66,81,72,79,86,84,78,74,14,7,11,14,8,,Sweden
9504,177578,Sebastian Prödl,76,76,194,92,Right,21/06/1987,CB,Medium / Medium,2,2,3.000.000,45.0,54,30,77,73,80,83,73,37,74,46,44,56,49,53,65,88,33,52,34,50,85,47,34,32,32,38,35,22,15,11,8,12,8,,Austria
577,124607,Selçuk İnan,79,79,182,74,Right,10/02/1985,CM-CDM,Medium / Medium,4,3,6.500.000,45.0,82,77,67,68,74,75,79,71,82,80,80,81,83,67,79,68,67,68,76,62,65,82,67,80,84,85,86,71,11,9,7,8,16,,Turkey
3954,167812,Semih Kaya,72,76,182,75,Right,24/02/1991,CB,Low / High,2,2,1.700.000,15.0,59,58,72,71,75,77,66,50,74,43,48,65,62,66,65,72,65,72,74,78,72,53,38,25,38,21,26,39,9,8,16,10,10,,Turkey
9996,223188,Şener Özbayrakli,75,77,171,71,Right,23/01/1990,RB,High / Medium,2,3,2.900.000,25.0,74,75,69,73,74,78,72,64,73,68,76,73,69,78,83,76,72,84,74,70,64,83,49,76,76,42,44,55,16,8,7,10,13,,Turkey
5532,189511,Sergio Busquets,86,86,189,76,Right,16/07/1988,CDM,Medium / Medium,3,3,24.000.000,160.0,82,74,83,80,86,86,83,77,87,85,62,89,79,54,88,77,55,48,58,66,70,61,60,54,66,68,60,44,9,5,8,13,13,,Spain
12601,155862,Sergio Ramos,87,87,183,75,Right,30/03/1986,CB,High / Medium,3,3,24.500.000,140.0,83,57,85,90,89,83,82,52,88,63,74,76,70,78,86,80,60,79,82,91,86,77,60,55,73,68,68,66,7,11,8,9,11,,Spain
11860,206652,Sergio Rico,77,85,194,88,Right,01/09/1993,GK,Medium / Medium,3,1,,45.0,12,14,18,11,11,27,72,11,23,45,17,23,23,50,31,67,61,53,62,63,11,19,14,12,24,20,24,15,78,79,75,76,80,,Spain
793,192622,Shane Duffy,69,73,193,76,Right,01/01/1992,CB,Medium / Medium,3,2,800.000,6.0,57,26,69,72,70,82,61,47,67,38,38,56,43,53,67,79,42,54,33,73,65,46,23,32,37,33,55,30,8,9,11,16,12,,Republic of Ireland
5070,192624,Shane Ferguson,65,69,175,66,Left,12/07/1991,LM-LB,Medium / Medium,3,3,475.000,4.0,74,71,67,67,70,57,56,59,57,46,67,59,60,74,62,55,74,76,75,51,55,55,57,42,61,58,55,57,9,7,6,7,9,,Northern Ireland
194,169216,Shane Long,75,75,180,81,Right,22/01/1987,ST-RM,High / High,3,3,3.000.000,35.0,75,72,36,24,27,79,77,77,42,63,70,62,49,84,84,79,75,84,74,93,75,76,75,67,54,37,78,70,11,11,13,10,10,,Republic of Ireland
8087,215598,Shani Tarashaj,68,80,177,76,Right,07/02/1995,CAM-ST,High / Low,4,2,1.200.000,6.0,67,69,17,12,23,56,64,79,21,66,63,66,49,80,64,57,80,83,75,61,56,67,69,53,68,30,70,44,7,9,15,11,13,,Switzerland
11485,2651,Shay Given,74,74,185,84,Right,20/04/1976,GK,Medium / Medium,3,1,725.000,20.0,24,13,14,12,11,43,74,13,27,31,12,38,33,39,29,57,54,44,45,73,13,42,14,12,20,13,44,20,79,71,73,72,74,,Republic of Ireland
10322,192227,Shkodran Mustafi,82,87,184,82,Right,17/04/1992,CB,Low / High,3,2,16.500.000,80.0,67,49,81,85,82,77,79,50,85,52,51,75,69,70,74,81,70,72,67,84,80,66,58,52,55,47,54,51,10,11,9,15,6,,Germany
6239,205942,Silviu Lung Jr.,72,73,189,84,Right,04/06/1989,GK,Medium / Medium,3,1,,,23,17,12,13,19,39,70,30,44,69,19,30,21,58,61,64,62,55,67,53,16,16,14,17,15,18,17,13,72,73,69,68,74,,Romania
2059,203890,Šime Vrsaljko,77,81,182,76,Right,10/01/1992,RB,High / Medium,3,2,5.500.000,35.0,75,71,74,74,76,73,76,65,77,68,76,74,66,79,89,66,81,83,75,87,70,73,38,56,64,51,51,49,10,15,11,10,12,,Croatia
4303,173426,Simon Mignolet,78,78,193,87,Right,06/03/1988,GK,Medium / Medium,2,1,5.000.000,70.0,24,14,13,16,14,34,75,16,21,40,11,39,34,55,31,72,42,59,28,69,16,45,11,16,16,12,41,16,72,82,73,65,84,,Belgium
11096,202685,Simone Zaza,79,83,186,83,Left,25/06/1991,ST,High / Medium,3,3,9.500.000,60.0,79,76,26,34,34,68,76,85,25,66,50,65,45,79,69,79,65,79,79,91,80,83,81,75,71,56,72,76,7,7,13,9,9,,Italy
4908,210521,Sokol Cikalleshi,68,70,185,80,Right,27/07/1990,ST,Medium / High,4,3,800.000,7.0,62,62,22,23,32,47,66,64,30,62,57,58,60,66,64,76,39,68,38,48,73,74,74,62,56,47,55,63,9,11,7,7,9,,Albania
12987,194665,Stefan Ilsanker,70,71,189,86,Right,18/05/1989,CDM-CB,Medium / High,3,2,925.000,20.0,57,49,71,74,75,87,57,45,77,55,39,67,60,39,83,82,51,55,31,55,62,70,45,62,41,33,37,43,9,11,10,13,14,,Austria
8312,202135,Stefano Sturaro,77,82,181,79,Right,09/03/1993,CM-CDM,High / High,3,2,6.500.000,50.0,77,76,72,76,76,81,76,75,77,74,74,77,77,79,89,75,79,79,77,69,56,81,57,77,69,68,69,74,14,15,10,5,11,,Italy
2512,190813,Stephan El Shaarawy,79,85,178,72,Right,27/10/1992,LW,High / High,4,4,10.000.000,60.0,87,84,25,25,30,54,76,73,36,73,70,70,57,86,72,55,82,86,83,60,51,71,73,74,80,63,72,77,5,5,3,5,3,,Italy
8667,108080,Stephan Lichtsteiner,82,82,182,75,Right,16/01/1984,RB-RM,High / High,3,2,9.000.000,90.0,75,74,78,84,80,83,82,69,81,62,80,75,71,79,91,75,77,85,75,75,68,77,45,71,70,66,66,62,3,4,3,2,2,,Switzerland
9060,173673,Stephen Quinn,71,71,168,60,Left,01/04/1986,CM-LM,Medium / High,2,3,1.100.000,15.0,72,72,58,68,63,74,70,67,66,72,67,74,65,75,83,59,90,68,90,83,55,70,66,66,66,74,58,71,8,13,6,6,9,,Republic of Ireland
4326,165321,Stephen Ward,71,71,184,82,Left,20/08/1985,LB,High / Medium,5,3,875.000,15.0,68,66,72,73,72,72,74,58,71,64,70,69,68,70,77,72,58,69,66,66,62,61,61,52,69,55,62,66,11,6,16,13,16,,Republic of Ireland
852,163705,Steve Mandanda,83,83,185,82,Right,28/03/1985,GK,Medium / Medium,3,1,13.500.000,80.0,12,11,10,13,12,37,81,11,23,51,14,31,28,53,31,61,36,43,52,74,13,24,13,11,13,12,11,13,81,85,78,79,84,,France
13144,45083,Steve von Bergen,72,72,182,79,Right,10/06/1983,CB,Medium / Medium,3,2,875.000,15.0,57,35,65,72,75,77,69,31,74,45,49,66,63,66,69,78,68,69,64,80,72,57,22,32,42,18,46,38,9,7,12,10,13,,Switzerland
11659,151508,Steven Davis,76,76,173,72,Right,01/01/1985,CM-RM,High / High,3,3,3.400.000,35.0,77,76,66,67,71,74,80,68,67,75,75,80,77,73,86,67,76,67,79,82,53,63,58,63,73,69,62,64,9,9,7,13,11,,Northern Ireland
4735,203570,Stuart Dallas,68,71,183,81,Right,19/04/1991,RM-LM,High / High,3,3,800.000,6.0,68,72,36,43,46,56,58,69,42,59,68,68,59,73,78,67,69,71,70,58,46,67,61,62,57,44,57,61,13,13,7,11,7,,Northern Ireland
9521,221422,Sverrir Ingi Ingason,70,76,188,83,Right,05/08/1993,CB,Medium / Medium,3,2,1.200.000,10.0,60,47,71,73,70,73,67,54,70,49,45,56,57,63,73,77,58,64,58,76,66,61,43,52,48,46,50,30,9,13,9,10,9,,Iceland
13478,148564,Sławomir Peszko,69,69,173,70,Right,19/02/1985,LM-RM,High / Medium,4,3,650.000,3.0,68,72,38,39,43,66,69,67,42,67,69,69,66,77,66,47,81,75,77,64,36,68,61,64,67,62,55,65,7,14,11,13,16,,Poland
8619,186648,Tamás Kádár,67,69,188,79,Left,14/03/1990,LB-CB,Medium / Medium,2,2,525.000,6.0,61,37,68,69,68,72,64,22,66,59,61,67,67,57,74,77,63,79,56,71,66,39,37,28,31,38,35,29,8,9,14,16,10,,Hungary
4881,178179,Tamás Priskin,69,69,189,82,Right,27/09/1986,ST,Low / Low,3,3,,,66,57,35,33,33,61,67,71,34,61,42,64,48,66,51,81,43,63,48,70,72,75,74,57,67,49,73,61,14,13,10,8,8,,Hungary
12576,206413,Taras Stepanenko,78,79,181,76,Left,08/08/1989,CDM,Low / High,3,2,6.000.000,35.0,78,64,80,79,79,84,76,63,82,64,61,79,74,71,82,78,73,64,60,71,69,75,53,70,53,45,52,56,14,15,13,9,9,,Ukraine
8394,199504,Taulant Xhaka,70,74,172,72,Right,28/03/1991,CDM-RB,Medium / High,3,2,1.100.000,15.0,67,68,69,73,69,85,64,61,68,63,71,67,64,75,91,79,81,79,72,74,46,73,54,50,53,59,60,53,14,11,8,14,11,,Albania
9050,186330,Theodor Gebre Selassie,75,75,181,71,Right,24/12/1986,RB,Medium / Medium,3,3,2.200.000,30.0,76,76,70,73,77,68,73,63,72,59,76,73,71,78,82,67,74,77,77,78,73,60,50,39,52,58,51,49,7,7,6,14,14,,Czech Republic
9348,189509,Thiago,83,87,174,70,Right,11/04/1991,CM-CAM-CDM-LM,Medium / Medium,3,4,21.500.000,90.0,88,90,49,59,58,67,80,81,65,84,72,88,83,77,69,59,85,68,90,72,58,77,69,82,83,77,75,88,9,6,11,7,13,,Spain
13482,49370,Thiago Motta,82,82,187,83,Left,28/08/1982,CDM,Medium / Medium,4,3,8.500.000,90.0,83,73,72,75,84,90,78,65,81,76,66,84,85,42,74,83,50,45,47,83,79,82,54,73,67,67,70,76,5,10,10,7,14,,Italy
9567,189118,Thiago Cionek,70,70,184,80,Right,21/04/1986,CB,Medium / High,3,2,725.000,15.0,56,46,72,72,73,68,62,30,71,36,35,46,52,68,67,85,60,69,65,91,62,31,22,26,31,25,39,34,9,6,8,8,16,,Poland
13216,192119,Thibaut Courtois,86,90,199,88,Left,11/05/1992,GK,Medium / Medium,3,1,31.500.000,130.0,23,13,11,16,18,23,81,13,15,44,14,32,31,46,38,70,45,52,61,68,13,36,14,17,19,11,27,12,86,84,87,69,88,,Belgium
786,202371,Thomas Meunier,75,78,190,88,Right,12/09/1991,RB,High / High,4,3,3.100.000,25.0,74,76,66,76,78,73,78,74,66,71,76,74,71,73,90,86,49,81,64,72,71,75,71,73,69,56,65,66,6,8,13,15,9,,Belgium
10208,189596,Thomas Müller,86,87,186,75,Right,13/09/1989,CF-RW-CAM-ST,High / High,4,3,,150.0,81,78,32,44,41,57,91,94,58,85,79,83,77,76,90,68,73,78,77,81,82,74,89,80,81,59,82,83,14,6,7,11,14,,Germany
3064,157304,Thomas Vermaelen,80,80,183,80,Left,14/11/1985,CB-LB,High / Medium,3,2,7.500.000,60.0,69,61,81,82,82,77,76,41,76,63,63,78,74,72,60,79,60,68,66,93,84,84,56,71,61,66,66,56,11,9,10,7,15,,Belgium
10722,215930,Tin Jedvaj,73,84,184,83,Right,28/11/1995,RB-CB,Medium / Medium,3,2,2.800.000,25.0,67,60,77,76,77,83,74,49,76,39,66,68,60,73,68,76,65,69,67,74,75,65,51,39,45,30,44,43,10,15,13,10,12,,Croatia
6782,184087,Toby Alderweireld,82,83,186,81,Right,02/03/1989,CB,Medium / Medium,3,2,13.500.000,90.0,69,61,85,83,87,79,84,56,84,60,64,77,81,63,75,81,49,69,60,80,81,86,45,66,63,69,60,38,16,16,6,14,14,,Belgium
13487,163264,Tom Heaton,75,75,188,86,Right,15/04/1986,GK,Medium / Medium,3,1,2.500.000,25.0,22,14,15,13,15,31,71,12,17,44,13,28,31,52,36,62,48,50,54,69,14,14,12,12,15,13,24,12,76,76,75,71,78,,England
12199,186253,Tomáš Hubočan,75,75,184,74,Right,17/09/1985,CB,Medium / Medium,4,2,2.200.000,25.0,51,50,77,79,80,77,77,42,78,60,59,67,63,74,81,69,65,69,78,90,74,75,45,66,38,32,63,68,8,9,15,7,12,,Slovakia
8525,200332,Tomáš Koubek,71,79,198,97,Right,26/08/1992,GK,Medium / Medium,2,1,,,24,17,14,18,12,31,65,17,23,39,14,18,32,37,28,62,36,43,36,64,12,12,12,17,18,16,20,19,72,74,69,67,75,,Czech Republic
1705,181281,Tomáš Necid,73,74,190,81,Right,13/08/1989,ST,Medium / Medium,3,2,,30.0,70,68,32,31,32,71,72,76,25,68,47,64,48,69,68,80,60,66,57,65,77,77,76,75,56,60,78,70,9,12,12,7,10,,Czech Republic
6723,8473,Tomáš Rosický,79,79,178,65,Right,04/10/1980,CAM-CM-RM,High / High,3,3,3.600.000,60.0,85,82,32,56,45,74,77,78,49,82,77,83,80,66,64,56,73,67,78,58,46,75,65,70,81,70,74,71,11,14,11,6,13,,Czech Republic
12384,155989,Tomáš Sivok,74,74,184,77,Right,15/09/1983,CB,Medium / High,3,2,1.600.000,25.0,64,62,75,74,75,73,70,40,72,55,58,70,67,52,68,76,54,54,53,74,81,68,36,55,53,43,53,51,11,10,11,14,8,,Czech Republic
10453,204120,Tomáš Vaclík,75,76,188,85,Right,29/03/1989,GK,Medium / Medium,3,1,2.800.000,30.0,13,14,19,18,18,29,63,17,26,65,13,17,38,34,35,73,58,35,32,70,19,12,14,20,17,21,13,13,75,76,74,74,81,,Czech Republic
10132,172756,Tomasz Jodłowiec,71,71,190,86,Right,08/09/1985,CDM-CB,Medium / High,3,2,875.000,15.0,66,65,62,65,77,83,59,56,69,68,61,72,68,70,81,87,41,53,33,70,75,71,34,63,56,43,55,48,13,6,8,8,13,,Poland
4383,182521,Toni Kroos,87,89,182,78,Right,04/01/1990,CM-CDM,Medium / Medium,5,3,38.000.000,140.0,86,83,60,59,72,54,85,76,76,88,85,89,90,59,76,72,62,52,71,54,54,87,76,89,84,83,73,82,7,10,11,13,10,,Germany
11787,161805,Valon Behrami,76,76,185,78,Right,19/04/1985,CDM-CM,Medium / High,4,2,2.700.000,35.0,74,69,69,79,79,90,77,63,75,73,69,75,72,66,78,77,68,67,71,70,68,76,56,69,71,69,72,69,15,12,11,7,11,,Switzerland
13190,148122,Vasiliy Berezutskiy,78,78,189,87,Right,20/06/1982,CB,Medium / High,3,2,2.700.000,35.0,49,45,85,80,82,84,67,37,78,62,59,72,73,50,73,85,45,58,41,72,79,71,23,41,51,43,45,39,16,7,15,11,7,,Russia
7141,181786,Vedran Ćorluka,80,80,192,84,Right,05/02/1986,CB,Medium / Medium,3,3,7.500.000,45.0,73,65,83,82,83,81,77,45,77,60,68,70,69,49,80,84,46,52,57,80,83,64,38,53,69,60,49,38,14,15,9,12,6,,Croatia
6265,221660,Victor Nilsson Lindelöf,72,81,187,80,Right,17/07/1994,CB,Medium / Medium,3,2,2.100.000,20.0,59,59,76,74,77,72,65,43,74,50,48,59,58,59,71,76,47,67,55,60,74,61,33,47,35,36,55,31,7,12,16,8,9,,Sweden
4862,228698,Viktor Kovalenko,74,86,182,75,Right,14/02/1996,CAM-CM,High / Medium,4,3,4.000.000,20.0,77,75,59,55,59,57,68,73,68,73,71,76,68,79,80,68,69,75,74,64,55,74,71,73,75,75,68,76,9,15,12,6,11,,Ukraine
4012,205943,Vlad Chiricheş,76,78,184,75,Right,14/11/1989,CB-RB,Medium / Medium,3,3,4.000.000,45.0,66,56,80,78,82,76,70,36,78,46,46,68,70,70,69,76,72,73,58,73,73,82,56,72,46,25,51,70,14,7,11,10,13,,Romania
9402,188524,Volkan Babacan,76,76,192,86,Right,11/08/1988,GK,Medium / Medium,1,1,3.200.000,45.0,19,14,12,15,22,29,64,17,27,43,12,34,29,49,38,61,50,64,58,74,16,14,15,12,16,12,12,14,80,79,74,68,79,,Turkey
10823,189105,Volkan Şen,77,77,173,68,Right,07/07/1987,RM-LM,High / Medium,3,3,5.000.000,45.0,83,84,34,31,32,84,71,77,39,74,76,74,70,86,66,49,91,83,92,70,58,74,63,72,69,68,65,73,6,10,11,11,11,,Turkey
6737,170084,Wayne Hennessey,74,74,198,90,Right,24/01/1987,GK,Medium / Medium,3,1,2.100.000,30.0,19,11,15,13,18,21,64,14,22,65,11,12,13,50,29,68,51,41,50,41,14,34,19,14,12,14,17,15,76,74,74,82,74,,Wales
7681,54050,Wayne Rooney,85,85,176,83,Right,24/10/1985,ST-CAM,Medium / High,4,3,23.500.000,130.0,83,79,29,37,54,89,87,87,54,83,78,80,85,72,87,84,77,74,77,81,80,87,85,85,84,84,81,86,8,10,11,13,7,,England
12503,149791,Wes Hoolahan,76,76,168,71,Left,20/05/1982,CAM,High / Low,2,4,2.400.000,30.0,80,75,44,45,54,39,74,76,35,82,73,80,73,66,64,50,85,61,78,33,43,70,66,69,65,67,77,62,11,13,7,16,16,,Republic of Ireland
5216,194122,Will Grigg,68,71,180,70,Right,03/07/1991,ST,Medium / Medium,3,2,800.000,7.0,65,57,26,20,37,50,66,71,22,54,31,59,40,75,83,76,72,76,71,72,66,65,70,62,39,50,71,70,15,12,9,13,10,,Northern Ireland
7883,207566,William Carvalho,81,86,187,83,Right,07/04/1992,CDM,Medium / High,4,3,14.000.000,45.0,79,78,81,77,86,81,75,65,86,67,57,81,78,52,86,88,46,56,49,70,74,65,55,62,62,44,56,56,14,6,6,5,14,,Portugal
4071,186153,Wojciech Szczęsny,78,79,196,84,Right,18/04/1990,GK,Medium / Medium,3,1,6.000.000,50.0,22,11,11,12,13,40,76,14,15,41,12,32,36,50,38,61,46,40,55,38,16,15,12,14,16,14,18,14,73,83,74,71,84,,Poland
9108,193348,Xherdan Shaqiri,80,84,169,72,Left,10/10/1991,RM-CAM-LM-RW,High / Medium,4,4,13.500.000,45.0,83,84,51,53,52,64,79,77,65,79,74,80,75,89,78,73,94,84,87,63,37,84,74,78,82,78,65,76,11,13,12,12,11,,Switzerland
11385,177683,Yann Sommer,82,83,183,79,Right,17/12/1988,GK,Medium / Medium,4,1,13.500.000,70.0,25,15,11,12,19,38,80,15,21,58,13,40,31,48,45,68,58,54,55,69,10,23,13,12,12,13,24,8,76,84,82,83,86,,Switzerland
1474,208418,Yannick Carrasco,80,85,180,66,Right,04/09/1993,LM,High / Medium,4,4,13.500.000,60.0,82,85,19,26,39,61,78,77,13,74,80,77,72,87,74,59,72,88,90,68,53,84,72,75,81,78,74,68,10,9,11,9,10,,Belgium
5548,195861,Yaroslav Rakitskyi,79,81,180,70,Left,03/08/1989,CB,High / Medium,3,2,7.500.000,45.0,77,69,83,82,83,82,77,53,80,75,68,76,84,69,80,75,73,74,72,74,68,82,50,84,75,77,50,53,12,12,16,7,6,,Ukraine
13057,192565,Yunus Malli,78,81,179,72,Right,24/02/1992,CAM,Medium / Medium,4,3,8.000.000,35.0,79,84,38,21,33,48,75,77,46,78,66,79,72,79,80,52,82,76,84,64,33,64,73,68,75,66,68,69,15,13,14,14,10,,Turkey
7706,216336,Yuriy Lodygin,77,79,187,82,Right,26/05/1990,GK,Medium / Medium,2,1,5.000.000,45.0,17,20,14,19,16,25,70,13,23,61,15,26,26,49,27,69,51,40,34,53,15,19,21,17,16,12,22,13,71,81,75,77,84,,Russia
2241,41236,Zlatan Ibrahimović,89,89,195,95,Right,03/10/1981,ST,Medium / Low,4,4,29.000.000,160.0,90,87,15,27,41,84,85,86,20,83,76,84,76,72,75,93,41,74,86,72,76,93,90,88,80,80,91,92,9,13,15,10,12,,Sweden
12828,173474,Zlatko Junuzović,78,78,172,69,Right,26/09/1987,CM-CAM-LM,High / High,4,3,6.000.000,50.0,80,78,69,65,70,79,78,72,75,76,86,79,78,78,94,63,90,77,87,67,58,78,66,79,89,88,70,74,15,15,9,11,8,,Austria
1677,137089,Zoltán Gera,74,74,183,75,Right,22/04/1979,CAM-CM,Medium / High,4,3,,,82,77,36,69,49,61,69,70,39,75,82,79,68,61,58,61,66,61,69,60,69,77,71,74,77,82,74,80,7,14,12,12,9,,Hungary
5632,179712,Zoltán Stieber,73,74,175,67,Left,16/10/1988,RM-LM-CAM,Medium / Medium,3,3,2.400.000,30.0,75,76,26,32,31,41,70,68,31,73,69,73,63,79,84,49,81,77,84,65,45,73,71,68,75,74,65,72,16,6,6,9,7,,Hungary
5726,164835,Łukasz Fabiański,78,78,190,83,Right,18/04/1985,GK,Medium / Medium,2,1,5.000.000,35.0,22,14,11,13,12,43,71,15,16,52,14,20,32,50,25,65,44,47,52,68,11,14,13,20,18,12,22,17,78,77,80,73,84,,Poland
13458,173771,Łukasz Piszczek,80,80,184,79,Right,03/06/1985,RB-CB,Medium / Medium,3,2,7.000.000,60.0,76,74,79,84,84,83,80,71,81,66,81,75,68,75,79,79,67,82,67,75,74,76,61,68,73,47,65,66,6,14,11,14,12,,Poland
